,time_stats.all_reduce.min,time_stats.all_reduce.max,time_stats.all_reduce.mean,time_stats.all_reduce.median,time_stats.all_reduce.std,rank,num_workers,size,collective,devices_per_node,max_devices_per_node
0,0.023,0.039,0.02788333333333333,0.026500000000000003,0.00428599139315774,0,2,2048,all_reduce,1,2
1,0.024,0.033,0.02715,0.026000000000000002,0.001990184246077064,0,2,10240,all_reduce,1,2
2,0.026000000000000002,0.036000000000000004,0.029399999999999996,0.028,0.0030232432915661958,0,2,18432,all_reduce,1,2
3,0.027,0.061,0.03283333333333333,0.0335,0.005779753935554311,0,2,26624,all_reduce,1,2
4,0.027,0.034,0.029233333333333337,0.029,0.0013461880337539112,0,2,34816,all_reduce,1,2
5,0.027,0.038,0.032249999999999994,0.0315,0.0031071154897535868,0,2,43008,all_reduce,1,2
6,0.028,0.04,0.0318,0.031,0.0031294301930756235,0,2,51200,all_reduce,1,2
7,0.029,0.036000000000000004,0.030999999999999996,0.031,0.0017126976771553513,0,2,59392,all_reduce,1,2
8,0.03,0.062,0.03208333333333333,0.031,0.00475146176338281,0,2,67584,all_reduce,1,2
9,0.03,0.063,0.031966666666666664,0.031,0.004238579426595137,0,2,75776,all_reduce,1,2
10,0.031,0.058,0.033933333333333336,0.032,0.004198677040317448,0,2,83968,all_reduce,1,2
11,0.032,0.034,0.032766666666666666,0.033,0.0006155395104206468,0,2,92160,all_reduce,1,2
12,0.033,0.046,0.034449999999999995,0.034,0.0018567444627627138,0,2,100352,all_reduce,1,2
13,0.033,0.039,0.03508333333333334,0.035,0.0014293549438664816,0,2,108544,all_reduce,1,2
14,0.034,0.036000000000000004,0.03495,0.035,0.0006171169527191213,0,2,116736,all_reduce,1,2
15,0.034,0.037,0.03556666666666666,0.036000000000000004,0.0006420453428086069,0,2,124928,all_reduce,1,2
16,0.036000000000000004,0.039,0.036833333333333336,0.037,0.0007564537145273456,0,2,133120,all_reduce,1,2
17,0.036000000000000004,0.044,0.03821666666666666,0.038,0.0013551342696902359,0,2,141312,all_reduce,1,2
18,0.037,0.039,0.03811666666666666,0.038,0.0005799904213768443,0,2,149504,all_reduce,1,2
19,0.038,0.04,0.038666666666666676,0.039,0.0006236095644623241,0,2,157696,all_reduce,1,2
20,0.039,0.044,0.04043333333333334,0.04,0.0012565384549980514,0,2,165888,all_reduce,1,2
21,0.039,0.043000000000000003,0.040900000000000006,0.041,0.00086986589004666,0,2,174080,all_reduce,1,2
22,0.036000000000000004,0.038,0.03721666666666666,0.037,0.00045061686115319263,0,2,182272,all_reduce,1,2
23,0.036000000000000004,0.038,0.03716666666666667,0.037,0.0004149966532662911,0,2,190464,all_reduce,1,2
24,0.037,0.04,0.03721666666666666,0.037,0.0005193478816960966,0,2,198656,all_reduce,1,2
25,0.037,0.039,0.037149999999999996,0.037,0.0004010403138505325,0,2,206848,all_reduce,1,2
26,0.037,0.038,0.037383333333333324,0.037,0.00048619840486049454,0,2,215040,all_reduce,1,2
27,0.037,0.039,0.037933333333333326,0.038,0.000512076383191241,0,2,223232,all_reduce,1,2
28,0.037,0.039,0.03816666666666666,0.038,0.0004887626099538397,0,2,231424,all_reduce,1,2
29,0.038,0.04,0.03843333333333333,0.038,0.0005280993172584958,0,2,239616,all_reduce,1,2
30,0.038,0.04,0.038516666666666664,0.038,0.0005624845676895407,0,2,247808,all_reduce,1,2
31,0.038,0.04,0.038616666666666674,0.039,0.0005799904213768444,0,2,256000,all_reduce,1,2
32,0.038,0.04,0.038916666666666676,0.039,0.0005257270098529173,0,2,264192,all_reduce,1,2
33,0.038,0.04,0.038650000000000004,0.039,0.0005722761571129804,0,2,272384,all_reduce,1,2
34,0.038,0.04,0.038983333333333335,0.039,0.000386939558874797,0,2,280576,all_reduce,1,2
35,0.038,0.04,0.039033333333333343,0.039,0.00025603819159562054,0,2,288768,all_reduce,1,2
36,0.039,0.04,0.03926666666666668,0.039,0.00044221663871405365,0,2,296960,all_reduce,1,2
37,0.039,0.04,0.039400000000000004,0.039,0.000489897948556636,0,2,305152,all_reduce,1,2
38,0.039,0.041,0.04003333333333334,0.04,0.0003144660377352204,0,2,313344,all_reduce,1,2
39,0.04,0.042,0.040366666666666676,0.04,0.0005467073155618913,0,2,321536,all_reduce,1,2
40,0.04,0.041,0.040266666666666666,0.04,0.0004422166387140537,0,2,329728,all_reduce,1,2
41,0.04,0.041,0.04061666666666666,0.041,0.0004861984048604945,0,2,337920,all_reduce,1,2
42,0.04,0.041,0.04026666666666667,0.04,0.0004422166387140537,0,2,346112,all_reduce,1,2
43,0.04,0.042,0.04038333333333334,0.04,0.0005505048188304587,0,2,354304,all_reduce,1,2
44,0.04,0.042,0.04073333333333334,0.041,0.00047842333648024445,0,2,362496,all_reduce,1,2
45,0.04,0.042,0.04098333333333334,0.041,0.00034115815817431234,0,2,370688,all_reduce,1,2
46,0.04,0.043000000000000003,0.041299999999999996,0.041,0.0005259911279353171,0,2,378880,all_reduce,1,2
47,0.041,0.043000000000000003,0.04171666666666665,0.042,0.00048619840486049454,0,2,387072,all_reduce,1,2
48,0.041,0.043000000000000003,0.04199999999999999,0.042,0.00036514837167011106,0,2,395264,all_reduce,1,2
49,0.041,0.043000000000000003,0.041949999999999994,0.042,0.0004252450274057695,0,2,403456,all_reduce,1,2
50,0.041,0.043000000000000003,0.04199999999999999,0.042,0.000365148371670111,0,2,411648,all_reduce,1,2
51,0.041,0.043000000000000003,0.04226666666666666,0.042,0.0004784233364802446,0,2,419840,all_reduce,1,2
52,0.041,0.044,0.042116666666666656,0.042,0.0004119735698102757,0,2,428032,all_reduce,1,2
53,0.042,0.043000000000000003,0.042349999999999985,0.042,0.00047696960070847325,0,2,436224,all_reduce,1,2
54,0.042,0.044,0.04289999999999999,0.043000000000000003,0.00039581140290126366,0,2,444416,all_reduce,1,2
55,0.042,0.043000000000000003,0.04288333333333332,0.043000000000000003,0.000321022671404304,0,2,452608,all_reduce,1,2
56,0.042,0.044,0.04303333333333334,0.043000000000000003,0.00031446603773521893,0,2,460800,all_reduce,1,2
57,0.042,0.044,0.04335,0.043000000000000003,0.0005423713365090967,0,2,468992,all_reduce,1,2
58,0.043000000000000003,0.044,0.04348333333333334,0.043000000000000003,0.0004997221450188286,0,2,477184,all_reduce,1,2
59,0.043000000000000003,0.044,0.04359999999999999,0.044,0.0004898979485566326,0,2,485376,all_reduce,1,2
60,0.043000000000000003,0.045,0.04395,0.044,0.0004252450274057677,0,2,493568,all_reduce,1,2
61,0.043000000000000003,0.045,0.043783333333333334,0.044,0.0005193478816960937,0,2,501760,all_reduce,1,2
62,0.043000000000000003,0.045,0.043816666666666663,0.044,0.00046517619123175984,0,2,509952,all_reduce,1,2
63,0.043000000000000003,0.045,0.04405,0.044,0.0004627814458971598,0,2,518144,all_reduce,1,2
64,0.044,0.045,0.044516666666666656,0.045,0.0004997221450188321,0,2,526336,all_reduce,1,2
65,0.044,0.045,0.04453333333333332,0.045,0.0004988876515698593,0,2,534528,all_reduce,1,2
66,0.044,0.046,0.04489999999999999,0.045,0.0005066228051190225,0,2,542720,all_reduce,1,2
67,0.044,0.047,0.045183333333333325,0.045,0.0005624845676895407,0,2,550912,all_reduce,1,2
68,0.044,0.047,0.045499999999999985,0.045,0.0005916079783099621,0,2,559104,all_reduce,1,2
69,0.045,0.047,0.045816666666666644,0.046,0.0004997221450188321,0,2,567296,all_reduce,1,2
70,0.045,0.047,0.04573333333333331,0.046,0.000512076383191241,0,2,575488,all_reduce,1,2
71,0.045,0.064,0.04643333333333332,0.046,0.003765486540792423,0,2,583680,all_reduce,1,2
72,0.045,0.047,0.045616666666666646,0.046,0.0005505048188304586,0,2,591872,all_reduce,1,2
73,0.045,0.047,0.04639999999999998,0.046,0.000522812904711938,0,2,600064,all_reduce,1,2
74,0.045,0.049,0.04656666666666666,0.047,0.000642045342808608,0,2,608256,all_reduce,1,2
75,0.046,0.048,0.04681666666666666,0.047,0.0004997221450188321,0,2,616448,all_reduce,1,2
76,0.046,0.049,0.0474,0.047,0.0006110100926607792,0,2,624640,all_reduce,1,2
77,0.046,0.049,0.04725,0.047,0.0005951190357119046,0,2,632832,all_reduce,1,2
78,0.046,0.049,0.047433333333333334,0.047,0.0006155395104206467,0,2,641024,all_reduce,1,2
79,0.047,0.049,0.047883333333333326,0.048,0.0005799904213768443,0,2,649216,all_reduce,1,2
80,0.046,0.049,0.04761666666666666,0.048,0.0005799904213768444,0,2,657408,all_reduce,1,2
81,0.047,0.063,0.048,0.048,0.0020412414523193153,0,2,665600,all_reduce,1,2
82,0.047,0.05,0.04853333333333333,0.049,0.0005617433182117578,0,2,673792,all_reduce,1,2
83,0.048,0.05,0.04874999999999999,0.049,0.0005361902647381809,0,2,681984,all_reduce,1,2
84,0.048,0.05,0.04874999999999999,0.049,0.0005361902647381809,0,2,690176,all_reduce,1,2
85,0.048,0.05,0.048849999999999984,0.049,0.0006006940430313372,0,2,698368,all_reduce,1,2
86,0.049,0.051000000000000004,0.049616666666666656,0.05,0.0005799904213768444,0,2,706560,all_reduce,1,2
87,0.049,0.06,0.05043333333333332,0.05,0.001909333798882624,0,2,714752,all_reduce,1,2
88,0.048,0.051000000000000004,0.05004999999999999,0.05,0.000560505724026675,0,2,722944,all_reduce,1,2
89,0.049,0.051000000000000004,0.050083333333333334,0.05,0.0005857094463601865,0,2,731136,all_reduce,1,2
90,0.049,0.052000000000000005,0.05046666666666666,0.05,0.000694422221866656,0,2,739328,all_reduce,1,2
91,0.049,0.052000000000000005,0.05043333333333333,0.05,0.000587839736284947,0,2,747520,all_reduce,1,2
92,0.05,0.053,0.05131666666666666,0.051000000000000004,0.0006706133179576904,0,2,755712,all_reduce,1,2
93,0.05,0.052000000000000005,0.051183333333333345,0.051000000000000004,0.0006706133179576909,0,2,763904,all_reduce,1,2
94,0.05,0.053,0.051416666666666666,0.051000000000000004,0.0006135054106435323,0,2,772096,all_reduce,1,2
95,0.051000000000000004,0.053,0.0518,0.052000000000000005,0.0005999999999999992,0,2,780288,all_reduce,1,2
96,0.051000000000000004,0.053,0.051966666666666675,0.052000000000000005,0.0006315765107165458,0,2,788480,all_reduce,1,2
97,0.051000000000000004,0.054,0.05226666666666667,0.052000000000000005,0.0007930251502246858,0,2,796672,all_reduce,1,2
98,0.051000000000000004,0.054,0.05226666666666667,0.052000000000000005,0.0006548960901462811,0,2,804864,all_reduce,1,2
99,0.051000000000000004,0.054,0.052366666666666666,0.052000000000000005,0.0007063206700139007,0,2,813056,all_reduce,1,2
100,0.051000000000000004,0.054,0.05251666666666666,0.052500000000000005,0.0007414325473178384,0,2,821248,all_reduce,1,2
101,0.052000000000000005,0.055,0.053299999999999986,0.053,0.0007593857166596333,0,2,829440,all_reduce,1,2
102,0.052000000000000005,0.055,0.0537,0.054,0.0008020806277010642,0,2,837632,all_reduce,1,2
103,0.052000000000000005,0.055,0.05313333333333333,0.053,0.0007408703590297611,0,2,845824,all_reduce,1,2
104,0.052000000000000005,0.055,0.05341666666666667,0.053,0.000665624184923862,0,2,854016,all_reduce,1,2
105,0.052000000000000005,0.055,0.053899999999999997,0.054,0.0006506407098647714,0,2,862208,all_reduce,1,2
106,0.053,0.056,0.05421666666666666,0.054,0.000776566517148117,0,2,870400,all_reduce,1,2
107,0.053,0.056,0.054716666666666657,0.055,0.000776566517148117,0,2,878592,all_reduce,1,2
108,0.053,0.056,0.05436666666666667,0.054,0.0007738791177495939,0,2,886784,all_reduce,1,2
109,0.053,0.056,0.054299999999999994,0.054,0.0007371114795831999,0,2,894976,all_reduce,1,2
110,0.055,0.058,0.05591666666666666,0.056,0.0007592027982620254,0,2,903168,all_reduce,1,2
111,0.054,0.058,0.05613333333333334,0.056,0.0007845734863959887,0,2,911360,all_reduce,1,2
112,0.054,0.058,0.055950000000000014,0.056,0.0009733961166965902,0,2,919552,all_reduce,1,2
113,0.054,0.057,0.05530000000000001,0.055,0.0007141428428542856,0,2,927744,all_reduce,1,2
114,0.055,0.058,0.05580000000000001,0.056,0.0006782329983125273,0,2,935936,all_reduce,1,2
115,0.055,0.058,0.056083333333333346,0.056,0.0007139483330201305,0,2,944128,all_reduce,1,2
116,0.055,0.059000000000000004,0.057283333333333325,0.057,0.0007765665171481169,0,2,952320,all_reduce,1,2
117,0.055,0.058,0.05598333333333334,0.056,0.0006452820227535318,0,2,960512,all_reduce,1,2
118,0.055,0.057,0.055883333333333333,0.056,0.0006080478782318239,0,2,968704,all_reduce,1,2
119,0.055,0.058,0.05625,0.056,0.0006224949798994372,0,2,976896,all_reduce,1,2
120,0.057,0.06,0.05838333333333334,0.058,0.0007092640943651072,0,2,985088,all_reduce,1,2
121,0.056,0.06,0.058133333333333335,0.058,0.000865383665716478,0,2,993280,all_reduce,1,2
122,0.055,0.059000000000000004,0.05695000000000001,0.057,0.0006435578192102614,0,2,1001472,all_reduce,1,2
123,0.057,0.06,0.058133333333333335,0.058,0.0008055363982396383,0,2,1009664,all_reduce,1,2
124,0.056,0.061,0.0586,0.059000000000000004,0.0008793937305515271,0,2,1017856,all_reduce,1,2
125,0.057,0.06,0.05881666666666666,0.059000000000000004,0.0008658650138573678,0,2,1026048,all_reduce,1,2
126,0.057,0.061,0.05951666666666667,0.0595,0.0008849042634972168,0,2,1034240,all_reduce,1,2
127,0.057,0.06,0.05861666666666667,0.059000000000000004,0.0007765665171481154,0,2,1042432,all_reduce,1,2
128,0.057,0.061,0.059033333333333333,0.059000000000000004,0.0007951240294584359,0,2,1048576,all_reduce,1,2
129,0.058,0.061,0.05931666666666667,0.059000000000000004,0.0006706133179576879,0,2,1081344,all_reduce,1,2
130,0.059000000000000004,0.062,0.060200000000000004,0.06,0.0006531972647421801,0,2,1114112,all_reduce,1,2
131,0.061,0.064,0.06203333333333332,0.062,0.0008359957469322976,0,2,1146880,all_reduce,1,2
132,0.06,0.065,0.062299999999999994,0.062,0.0009539392014169464,0,2,1179648,all_reduce,1,2
133,0.063,0.066,0.06421666666666667,0.064,0.0007092640943651078,0,2,1212416,all_reduce,1,2
134,0.061,0.065,0.06291666666666668,0.063,0.0008019074482479612,0,2,1245184,all_reduce,1,2
135,0.062,0.065,0.06351666666666668,0.064,0.0006452820227535319,0,2,1277952,all_reduce,1,2
136,0.063,0.066,0.06453333333333335,0.065,0.0008459051693633021,0,2,1310720,all_reduce,1,2
137,0.065,0.069,0.06708333333333334,0.067,0.0008620067027323841,0,2,1343488,all_reduce,1,2
138,0.066,0.07,0.06763333333333335,0.068,0.0009994442900376642,0,2,1376256,all_reduce,1,2
139,0.067,0.07,0.06823333333333334,0.068,0.0010060925515191057,0,2,1409024,all_reduce,1,2
140,0.068,0.07200000000000001,0.07000000000000002,0.07,0.0008366600265340764,0,2,1441792,all_reduce,1,2
141,0.068,0.07100000000000001,0.06908333333333334,0.069,0.0007808471183414991,0,2,1474560,all_reduce,1,2
142,0.068,0.07100000000000001,0.06948333333333334,0.069,0.0006950219820664353,0,2,1507328,all_reduce,1,2
143,0.069,0.07100000000000001,0.06985,0.07,0.0005722761571129802,0,2,1540096,all_reduce,1,2
144,0.07100000000000001,0.075,0.07266666666666666,0.073,0.000924962461700769,0,2,1572864,all_reduce,1,2
145,0.07200000000000001,0.075,0.0738,0.074,0.0007916228058025271,0,2,1605632,all_reduce,1,2
146,0.07200000000000001,0.076,0.07396666666666668,0.074,0.0010159833769418768,0,2,1638400,all_reduce,1,2
147,0.075,0.077,0.07571666666666665,0.076,0.0006080478782318238,0,2,1671168,all_reduce,1,2
148,0.073,0.077,0.0754,0.075,0.0008981462390204995,0,2,1703936,all_reduce,1,2
149,0.074,0.078,0.07571666666666667,0.076,0.0007765665171481169,0,2,1736704,all_reduce,1,2
150,0.074,0.077,0.07559999999999999,0.075,0.0007348469228349542,0,2,1769472,all_reduce,1,2
151,0.077,0.08,0.07860000000000002,0.079,0.0009165151389911689,0,2,1802240,all_reduce,1,2
152,0.078,0.081,0.07941666666666668,0.079,0.0007592027982620255,0,2,1835008,all_reduce,1,2
153,0.077,0.081,0.07885,0.079,0.0009278110439811196,0,2,1867776,all_reduce,1,2
154,0.078,0.081,0.07896666666666667,0.079,0.0006046119049072357,0,2,1900544,all_reduce,1,2
155,0.079,0.083,0.08071666666666669,0.081,0.0009325889889025197,0,2,1933312,all_reduce,1,2
156,0.08,0.083,0.08111666666666668,0.081,0.000776566517148117,0,2,1966080,all_reduce,1,2
157,0.08,0.083,0.08130000000000003,0.081,0.0007371114795832,0,2,1998848,all_reduce,1,2
158,0.082,0.085,0.08403333333333332,0.084,0.0008556998435328965,0,2,2031616,all_reduce,1,2
159,0.083,0.08700000000000001,0.08505000000000001,0.085,0.0008645808232895299,0,2,2064384,all_reduce,1,2
160,0.083,0.08700000000000001,0.085,0.085,0.0009309493362512636,0,2,2097152,all_reduce,1,2
161,0.084,0.08700000000000001,0.08488333333333334,0.085,0.0006853628398317368,0,2,2129920,all_reduce,1,2
162,0.085,0.088,0.08595,0.08600000000000001,0.0008645808232895283,0,2,2162688,all_reduce,1,2
163,0.085,0.089,0.08611666666666666,0.08600000000000001,0.0007977398629182862,0,2,2195456,all_reduce,1,2
164,0.085,0.08700000000000001,0.08633333333333333,0.08600000000000001,0.0005055250296034372,0,2,2228224,all_reduce,1,2
165,0.088,0.092,0.0898333333333333,0.09,0.0008399735445569442,0,2,2260992,all_reduce,1,2
166,0.089,0.093,0.09103333333333331,0.091,0.0008359957469322976,0,2,2293760,all_reduce,1,2
167,0.089,0.092,0.0902333333333333,0.09,0.0006920179830675571,0,2,2326528,all_reduce,1,2
168,0.09,0.093,0.09086666666666664,0.091,0.0007180219742846011,0,2,2359296,all_reduce,1,2
169,0.09,0.093,0.09149999999999997,0.092,0.0007416198487095669,0,2,2392064,all_reduce,1,2
170,0.091,0.094,0.09166666666666663,0.092,0.0005962847939999444,0,2,2424832,all_reduce,1,2
171,0.093,0.096,0.09446666666666666,0.094,0.0008259674462242585,0,2,2457600,all_reduce,1,2
172,0.094,0.098,0.0955333333333333,0.096,0.000845905169363302,0,2,2490368,all_reduce,1,2
173,0.095,0.098,0.09631666666666668,0.096,0.0006452820227535319,0,2,2523136,all_reduce,1,2
174,0.094,0.098,0.096,0.096,0.001000000000000001,0,2,2555904,all_reduce,1,2
175,0.095,0.099,0.09661666666666667,0.096,0.0009502923526765631,0,2,2588672,all_reduce,1,2
176,0.096,0.099,0.09753333333333332,0.098,0.0008844332774281073,0,2,2621440,all_reduce,1,2
177,0.096,0.1,0.09753333333333333,0.097,0.000694422221866656,0,2,2654208,all_reduce,1,2
178,0.099,0.10200000000000001,0.09998333333333331,0.1,0.0007851043808875924,0,2,2686976,all_reduce,1,2
179,0.099,0.10200000000000001,0.10089999999999999,0.101,0.0007234178138070242,0,2,2719744,all_reduce,1,2
180,0.1,0.10300000000000001,0.10175000000000001,0.10200000000000001,0.0007664854858377953,0,2,2752512,all_reduce,1,2
181,0.1,0.10300000000000001,0.10106666666666665,0.101,0.0008137703743822475,0,2,2785280,all_reduce,1,2
182,0.1,0.10300000000000001,0.10136666666666666,0.101,0.0005467073155618913,0,2,2818048,all_reduce,1,2
183,0.101,0.10300000000000001,0.10168333333333333,0.10200000000000001,0.0005320296566504127,0,2,2850816,all_reduce,1,2
184,0.101,0.106,0.10355,0.10350000000000001,0.0009023118455759418,0,2,2883584,all_reduce,1,2
185,0.10400000000000001,0.107,0.10558333333333333,0.106,0.0006135054106435313,0,2,2916352,all_reduce,1,2
186,0.105,0.108,0.10638333333333333,0.106,0.0006605973727535477,0,2,2949120,all_reduce,1,2
187,0.106,0.109,0.10738333333333334,0.107,0.0007092640943651078,0,2,2981888,all_reduce,1,2
188,0.105,0.109,0.10655,0.106,0.0008251262529657716,0,2,3014656,all_reduce,1,2
189,0.106,0.108,0.1069,0.107,0.0005686240703077333,0,2,3047424,all_reduce,1,2
190,0.106,0.109,0.10733333333333334,0.107,0.0005374838498865705,0,2,3080192,all_reduce,1,2
191,0.107,0.109,0.10809999999999999,0.108,0.00043588989435406776,0,2,3112960,all_reduce,1,2
192,0.11,0.113,0.1112,0.111,0.0007702813338860903,0,2,3145728,all_reduce,1,2
193,0.111,0.113,0.11238333333333335,0.112,0.0005799904213768444,0,2,3178496,all_reduce,1,2
194,0.111,0.114,0.113,0.113,0.0007071067811865481,0,2,3211264,all_reduce,1,2
195,0.111,0.115,0.11261666666666668,0.1125,0.0009145429945545974,0,2,3244032,all_reduce,1,2
196,0.111,0.115,0.11296666666666669,0.113,0.0007520342781785657,0,2,3276800,all_reduce,1,2
197,0.112,0.114,0.11290000000000003,0.113,0.00047258156262526123,0,2,3309568,all_reduce,1,2
198,0.113,0.116,0.11413333333333335,0.114,0.000694422221866656,0,2,3342336,all_reduce,1,2
199,0.116,0.11800000000000001,0.11713333333333333,0.117,0.0007180219742846011,0,2,3375104,all_reduce,1,2
200,0.115,0.11900000000000001,0.11683333333333333,0.117,0.0008198915917499237,0,2,3407872,all_reduce,1,2
201,0.117,0.12,0.11873333333333334,0.11900000000000001,0.0007498147919467971,0,2,3440640,all_reduce,1,2
202,0.117,0.12,0.11820000000000001,0.11800000000000001,0.0008326663997864514,0,2,3473408,all_reduce,1,2
203,0.117,0.121,0.11868333333333338,0.11900000000000001,0.0007186020379103344,0,2,3506176,all_reduce,1,2
204,0.11800000000000001,0.12,0.11868333333333335,0.11900000000000001,0.0005913731666403376,0,2,3538944,all_reduce,1,2
205,0.11900000000000001,0.122,0.12008333333333333,0.12,0.0006656241849238592,0,2,3571712,all_reduce,1,2
206,0.121,0.124,0.12248333333333333,0.1225,0.0006452820227535319,0,2,3604480,all_reduce,1,2
207,0.121,0.125,0.12271666666666665,0.123,0.0009676718911329865,0,2,3637248,all_reduce,1,2
208,0.123,0.126,0.12428333333333333,0.124,0.0006348665651580309,0,2,3670016,all_reduce,1,2
209,0.122,0.125,0.12318333333333333,0.123,0.0006189148209209053,0,2,3702784,all_reduce,1,2
210,0.123,0.125,0.1237833333333333,0.124,0.00045061686115319295,0,2,3735552,all_reduce,1,2
211,0.123,0.125,0.12428333333333333,0.124,0.0005193478816960965,0,2,3768320,all_reduce,1,2
212,0.126,0.129,0.12718333333333331,0.127,0.0007635807459303544,0,2,3801088,all_reduce,1,2
213,0.127,0.13,0.12848333333333334,0.129,0.0006706133179576908,0,2,3833856,all_reduce,1,2
214,0.127,0.13,0.12843333333333332,0.128,0.0006920179830675571,0,2,3866624,all_reduce,1,2
215,0.128,0.132,0.13003333333333333,0.13,0.0007063206700139036,0,2,3899392,all_reduce,1,2
216,0.128,0.131,0.12926666666666667,0.129,0.0008339997335464542,0,2,3932160,all_reduce,1,2
217,0.128,0.131,0.12946666666666667,0.129,0.0005906681715556456,0,2,3964928,all_reduce,1,2
218,0.129,0.131,0.12986666666666666,0.13,0.0005617433182117577,0,2,3997696,all_reduce,1,2
219,0.131,0.134,0.13293333333333335,0.133,0.0008137703743822477,0,2,4030464,all_reduce,1,2
220,0.132,0.135,0.1339166666666667,0.134,0.0007592027982620255,0,2,4063232,all_reduce,1,2
221,0.133,0.136,0.13423333333333334,0.134,0.0007608474807008892,0,2,4096000,all_reduce,1,2
222,0.134,0.137,0.13588333333333333,0.136,0.0006853628398317368,0,2,4128768,all_reduce,1,2
223,0.134,0.137,0.13523333333333334,0.135,0.0006674994798166934,0,2,4161536,all_reduce,1,2
224,0.134,0.137,0.13556666666666667,0.1355,0.0007608474807008891,0,2,4194304,all_reduce,1,2
225,0.135,0.136,0.13571666666666665,0.136,0.00045061686115319295,0,2,4227072,all_reduce,1,2
226,0.137,0.14,0.13856666666666664,0.139,0.000738617326872012,0,2,4259840,all_reduce,1,2
227,0.138,0.14100000000000001,0.13970000000000002,0.14,0.0006904105059069332,0,2,4292608,all_reduce,1,2
228,0.138,0.14100000000000001,0.1389,0.139,0.0007681145747868615,0,2,4325376,all_reduce,1,2
229,0.139,0.14,0.1393,0.139,0.0004582575694955845,0,2,4358144,all_reduce,1,2
230,0.139,0.14300000000000002,0.14083333333333334,0.14100000000000001,0.0010979779394667078,0,2,4390912,all_reduce,1,2
231,0.14,0.14300000000000002,0.14135000000000003,0.14100000000000001,0.000980221063502175,0,2,4423680,all_reduce,1,2
232,0.14,0.14300000000000002,0.14136666666666667,0.14100000000000001,0.0006046119049072357,0,2,4456448,all_reduce,1,2
233,0.14300000000000002,0.146,0.14438333333333334,0.14400000000000002,0.0006853628398317247,0,2,4489216,all_reduce,1,2
234,0.14400000000000002,0.147,0.14526666666666668,0.145,0.0007498147919467939,0,2,4521984,all_reduce,1,2
235,0.14400000000000002,0.147,0.14510000000000003,0.145,0.0008504900548115288,0,2,4554752,all_reduce,1,2
236,0.14400000000000002,0.147,0.14525,0.145,0.0005361902647381788,0,2,4587520,all_reduce,1,2
237,0.164,0.169,0.1663333333333333,0.166,0.0010110500592068743,0,2,4620288,all_reduce,1,2
238,0.167,0.17,0.16880000000000003,0.169,0.000748331477354789,0,2,4653056,all_reduce,1,2
239,0.168,0.17200000000000001,0.16945000000000002,0.169,0.0008251262529657716,0,2,4685824,all_reduce,1,2
240,0.168,0.17200000000000001,0.16968333333333335,0.17,0.0008264717512144966,0,2,4718592,all_reduce,1,2
241,0.169,0.17200000000000001,0.1707,0.171,0.0007593857166596352,0,2,4751360,all_reduce,1,2
242,0.169,0.17400000000000002,0.17098333333333335,0.171,0.0008849042634972199,0,2,4784128,all_reduce,1,2
243,0.17,0.17300000000000001,0.17156666666666665,0.17200000000000001,0.0008634555897992422,0,2,4816896,all_reduce,1,2
244,0.17,0.17400000000000002,0.17193333333333335,0.17200000000000001,0.0008919392106839777,0,2,4849664,all_reduce,1,2
245,0.17,0.17500000000000002,0.17248333333333338,0.17200000000000001,0.0008264717512144966,0,2,4882432,all_reduce,1,2
246,0.17200000000000001,0.17500000000000002,0.1730333333333334,0.17300000000000001,0.0007738791177495939,0,2,4915200,all_reduce,1,2
247,0.17200000000000001,0.17500000000000002,0.17361666666666664,0.17400000000000002,0.0007092640943651078,0,2,4947968,all_reduce,1,2
248,0.17300000000000001,0.177,0.17456666666666668,0.17450000000000002,0.0007824463062870285,0,2,4980736,all_reduce,1,2
249,0.17300000000000001,0.177,0.17468333333333338,0.17500000000000002,0.0008264717512144888,0,2,5013504,all_reduce,1,2
250,0.17400000000000002,0.178,0.17561666666666667,0.176,0.0008581310441237227,0,2,5046272,all_reduce,1,2
251,0.17400000000000002,0.177,0.17595,0.176,0.0008450838222724715,0,2,5079040,all_reduce,1,2
252,0.17400000000000002,0.178,0.1763833333333333,0.176,0.0009502923526765551,0,2,5111808,all_reduce,1,2
253,0.176,0.179,0.17686666666666664,0.177,0.0007180219742846011,0,2,5144576,all_reduce,1,2
254,0.176,0.179,0.17739999999999997,0.177,0.0008000000000000006,0,2,5177344,all_reduce,1,2
255,0.176,0.181,0.17766666666666664,0.178,0.0009428090415820641,0,2,5210112,all_reduce,1,2
256,0.176,0.18,0.17818333333333333,0.178,0.0009397103572673641,0,2,5242880,all_reduce,1,2
257,0.177,0.181,0.17858333333333334,0.1785,0.0009181805680559555,0,2,5275648,all_reduce,1,2
258,0.177,0.183,0.17913333333333334,0.179,0.001102522360569416,0,2,5308416,all_reduce,1,2
259,0.178,0.183,0.17991666666666667,0.18,0.0010998737301264288,0,2,5341184,all_reduce,1,2
260,0.179,0.184,0.18059999999999996,0.1805,0.001003327796219495,0,2,5373952,all_reduce,1,2
261,0.178,0.184,0.18089999999999992,0.181,0.0010115993936995686,0,2,5406720,all_reduce,1,2
262,0.179,0.183,0.18084999999999998,0.181,0.0009096702699330133,0,2,5439488,all_reduce,1,2
263,0.18,0.184,0.18166666666666667,0.182,0.0009428090415820641,0,2,5472256,all_reduce,1,2
264,0.18,0.186,0.1823333333333333,0.182,0.0012472191289246482,0,2,5505024,all_reduce,1,2
265,0.163,0.166,0.16418333333333332,0.164,0.0005624845676895407,0,2,5537792,all_reduce,1,2
266,0.164,0.166,0.16481666666666667,0.165,0.0006189148209209053,0,2,5570560,all_reduce,1,2
267,0.164,0.167,0.16551666666666667,0.165,0.0006189148209209052,0,2,5603328,all_reduce,1,2
268,0.165,0.168,0.1663833333333333,0.166,0.0006853628398317368,0,2,5636096,all_reduce,1,2
269,0.166,0.169,0.16724999999999998,0.167,0.0006224949798994372,0,2,5668864,all_reduce,1,2
270,0.167,0.169,0.16791666666666666,0.168,0.0006400954789890513,0,2,5701632,all_reduce,1,2
271,0.168,0.171,0.1688666666666667,0.169,0.0005906681715556456,0,2,5734400,all_reduce,1,2
272,0.168,0.171,0.1695,0.169,0.0006191391873668908,0,2,5767168,all_reduce,1,2
273,0.169,0.171,0.1703333333333333,0.17,0.0005374838498865706,0,2,5799936,all_reduce,1,2
274,0.169,0.17200000000000001,0.17101666666666665,0.171,0.0006706133179576909,0,2,5832704,all_reduce,1,2
275,0.171,0.17300000000000001,0.17198333333333338,0.17200000000000001,0.0005913731666403396,0,2,5865472,all_reduce,1,2
276,0.17200000000000001,0.17400000000000002,0.17265,0.17300000000000001,0.0006006940430313372,0,2,5898240,all_reduce,1,2
277,0.17200000000000001,0.17500000000000002,0.17353333333333332,0.17350000000000002,0.0006699917080747267,0,2,5931008,all_reduce,1,2
278,0.17300000000000001,0.176,0.17428333333333335,0.17400000000000002,0.0006080478782318225,0,2,5963776,all_reduce,1,2
279,0.17400000000000002,0.176,0.1750166666666667,0.17500000000000002,0.0006950219820664256,0,2,5996544,all_reduce,1,2
280,0.17500000000000002,0.177,0.17596666666666666,0.176,0.0005763872155263447,0,2,6029312,all_reduce,1,2
281,0.17500000000000002,0.178,0.17641666666666664,0.176,0.0005565269285687994,0,2,6062080,all_reduce,1,2
282,0.176,0.183,0.17729999999999996,0.177,0.00093630479367921,0,2,6094848,all_reduce,1,2
283,0.177,0.181,0.17835000000000004,0.178,0.0007262919523166983,0,2,6127616,all_reduce,1,2
284,0.177,0.18,0.17868333333333333,0.179,0.0005913731666403395,0,2,6160384,all_reduce,1,2
285,0.179,0.182,0.17994999999999997,0.18,0.0006689544080129831,0,2,6193152,all_reduce,1,2
286,0.179,0.181,0.18034999999999998,0.18,0.0005423713365090997,0,2,6225920,all_reduce,1,2
287,0.18,0.183,0.18148333333333333,0.181,0.0006950219820664353,0,2,6258688,all_reduce,1,2
288,0.181,0.183,0.18191666666666664,0.182,0.0005565269285688005,0,2,6291456,all_reduce,1,2
289,0.182,0.184,0.18296666666666667,0.183,0.0006046119049072357,0,2,6324224,all_reduce,1,2
290,0.183,0.184,0.1835833333333333,0.184,0.0004930066485916351,0,2,6356992,all_reduce,1,2
291,0.183,0.186,0.18445,0.184,0.0006934214687571579,0,2,6389760,all_reduce,1,2
292,0.184,0.186,0.18505000000000005,0.185,0.0004974937185533105,0,2,6422528,all_reduce,1,2
293,0.185,0.187,0.18601666666666666,0.186,0.0006189148209209052,0,2,6455296,all_reduce,1,2
294,0.186,0.188,0.18663333333333332,0.187,0.0005467073155618913,0,2,6488064,all_reduce,1,2
295,0.186,0.189,0.18733333333333332,0.187,0.0005962847939999444,0,2,6520832,all_reduce,1,2
296,0.187,0.189,0.18788333333333335,0.188,0.0005799904213768444,0,2,6553600,all_reduce,1,2
297,0.188,0.19,0.18876666666666667,0.189,0.0005587684871413409,0,2,6586368,all_reduce,1,2
298,0.188,0.19,0.18938333333333332,0.189,0.0005193478816960965,0,2,6619136,all_reduce,1,2
299,0.189,0.192,0.19019999999999998,0.19,0.0005099019513592789,0,2,6651904,all_reduce,1,2
300,0.19,0.192,0.19090000000000004,0.191,0.0005066228051190225,0,2,6684672,all_reduce,1,2
301,0.191,0.193,0.19173333333333337,0.192,0.000512076383191241,0,2,6717440,all_reduce,1,2
302,0.192,0.194,0.19245,0.192,0.0005299371031861554,0,2,6750208,all_reduce,1,2
303,0.192,0.195,0.1930666666666667,0.193,0.000512076383191241,0,2,6782976,all_reduce,1,2
304,0.193,0.195,0.19380000000000006,0.194,0.0005416025603090645,0,2,6815744,all_reduce,1,2
305,0.193,0.196,0.19458333333333339,0.195,0.0005857094463601865,0,2,6848512,all_reduce,1,2
306,0.194,0.197,0.19541666666666668,0.195,0.0005565269285688005,0,2,6881280,all_reduce,1,2
307,0.195,0.198,0.19619999999999999,0.196,0.0005715476066494088,0,2,6914048,all_reduce,1,2
308,0.196,0.199,0.19708333333333333,0.197,0.0006656241849238625,0,2,6946816,all_reduce,1,2
309,0.197,0.199,0.19770000000000001,0.198,0.0005567764362830027,0,2,6979584,all_reduce,1,2
310,0.198,0.199,0.19853333333333334,0.199,0.0004988876515698593,0,2,7012352,all_reduce,1,2
311,0.198,0.2,0.19918333333333332,0.199,0.000499722145018832,0,2,7045120,all_reduce,1,2
312,0.199,0.201,0.19998333333333332,0.2,0.0004997221450188321,0,2,7077888,all_reduce,1,2
313,0.2,0.202,0.20083333333333336,0.201,0.0005821416398857665,0,2,7110656,all_reduce,1,2
314,0.201,0.203,0.20166666666666666,0.202,0.0005962847939999444,0,2,7143424,all_reduce,1,2
315,0.202,0.20400000000000001,0.20254999999999998,0.203,0.0005299371031861553,0,2,7176192,all_reduce,1,2
316,0.202,0.20400000000000001,0.20314999999999997,0.203,0.00044064346888007653,0,2,7208960,all_reduce,1,2
317,0.203,0.20600000000000002,0.2043,0.20400000000000001,0.0006658328118479399,0,2,7241728,all_reduce,1,2
318,0.20400000000000001,0.20600000000000002,0.20455000000000007,0.20500000000000002,0.0005605057240266751,0,2,7274496,all_reduce,1,2
319,0.20500000000000002,0.20700000000000002,0.20578333333333332,0.20600000000000002,0.0005799904213768443,0,2,7307264,all_reduce,1,2
320,0.20500000000000002,0.20700000000000002,0.20618333333333333,0.20600000000000002,0.0005913731666403396,0,2,7340032,all_reduce,1,2
321,0.20600000000000002,0.209,0.20726666666666677,0.20700000000000002,0.0005734883511361729,0,2,7372800,all_reduce,1,2
322,0.20700000000000002,0.209,0.2078666666666667,0.20800000000000002,0.00046427960923946764,0,2,7405568,all_reduce,1,2
323,0.20700000000000002,0.21,0.20885000000000004,0.209,0.0006278269400612358,0,2,7438336,all_reduce,1,2
324,0.20800000000000002,0.211,0.20933333333333337,0.209,0.0006749485577105507,0,2,7471104,all_reduce,1,2
325,0.209,0.212,0.21028333333333338,0.21,0.0005799904213768444,0,2,7503872,all_reduce,1,2
326,0.21,0.212,0.21096666666666672,0.211,0.0005467073155618913,0,2,7536640,all_reduce,1,2
327,0.211,0.213,0.21155,0.212,0.0005299371031861554,0,2,7569408,all_reduce,1,2
328,0.212,0.214,0.21236666666666662,0.212,0.0005153208277913439,0,2,7602176,all_reduce,1,2
329,0.212,0.215,0.2130333333333333,0.213,0.0005467073155618913,0,2,7634944,all_reduce,1,2
330,0.213,0.215,0.21386666666666665,0.214,0.0005617433182117577,0,2,7667712,all_reduce,1,2
331,0.214,0.217,0.21476666666666666,0.215,0.000615539510420647,0,2,7700480,all_reduce,1,2
332,0.214,0.217,0.21538333333333332,0.215,0.0005799904213768443,0,2,7733248,all_reduce,1,2
333,0.215,0.218,0.21614999999999995,0.216,0.0007262919523166983,0,2,7766016,all_reduce,1,2
334,0.216,0.219,0.21693333333333337,0.217,0.0005734883511361756,0,2,7798784,all_reduce,1,2
335,0.216,0.219,0.21755,0.218,0.0006171169527191212,0,2,7831552,all_reduce,1,2
336,0.217,0.219,0.21839999999999996,0.218,0.0005228129047119378,0,2,7864320,all_reduce,1,2
337,0.218,0.22,0.21903333333333333,0.219,0.0005467073155618914,0,2,7897088,all_reduce,1,2
338,0.219,0.221,0.2199,0.22,0.0005686240703077333,0,2,7929856,all_reduce,1,2
339,0.22,0.222,0.22060000000000005,0.221,0.0005537749241945389,0,2,7962624,all_reduce,1,2
340,0.22,0.224,0.22155,0.222,0.0006435578192102615,0,2,7995392,all_reduce,1,2
341,0.221,0.224,0.22236666666666668,0.222,0.0005763872155263533,0,2,8028160,all_reduce,1,2
342,0.222,0.224,0.22286666666666669,0.223,0.0006699917080747267,0,2,8060928,all_reduce,1,2
343,0.223,0.224,0.2235666666666667,0.224,0.0004955356249106172,0,2,8093696,all_reduce,1,2
344,0.223,0.226,0.22441666666666668,0.224,0.0005857094463601865,0,2,8126464,all_reduce,1,2
345,0.224,0.226,0.22508333333333339,0.225,0.00041998677227847214,0,2,8159232,all_reduce,1,2
346,0.225,0.227,0.2258833333333334,0.226,0.0004119735698102762,0,2,8192000,all_reduce,1,2
347,0.226,0.229,0.22693333333333338,0.227,0.0006798692684790386,0,2,8224768,all_reduce,1,2
348,0.226,0.228,0.22741666666666666,0.227,0.0005257270098529173,0,2,8257536,all_reduce,1,2
349,0.227,0.231,0.22840000000000002,0.228,0.0006377042156569669,0,2,8290304,all_reduce,1,2
350,0.228,0.23,0.22865,0.229,0.0005107184482014858,0,2,8323072,all_reduce,1,2
351,0.229,0.231,0.22973333333333337,0.23,0.0005436502143433368,0,2,8355840,all_reduce,1,2
352,0.229,0.231,0.2300166666666667,0.23,0.0004278499217664482,0,2,8388608,all_reduce,1,2
353,0.231,0.232,0.23126666666666665,0.231,0.0004422166387140537,0,2,8421376,all_reduce,1,2
354,0.231,0.233,0.2318666666666667,0.232,0.0005312459150169748,0,2,8454144,all_reduce,1,2
355,0.232,0.234,0.2328666666666667,0.233,0.0005312459150169748,0,2,8486912,all_reduce,1,2
356,0.232,0.23500000000000001,0.23356666666666673,0.234,0.0005878397362849471,0,2,8519680,all_reduce,1,2
357,0.234,0.23500000000000001,0.23441666666666666,0.234,0.0004930066485916352,0,2,8552448,all_reduce,1,2
358,0.234,0.23600000000000002,0.2350833333333333,0.23500000000000001,0.0004579543888011367,0,2,8585216,all_reduce,1,2
359,0.23500000000000001,0.23700000000000002,0.23583333333333337,0.23600000000000002,0.0005527707983925672,0,2,8617984,all_reduce,1,2
360,0.23600000000000002,0.23800000000000002,0.2365333333333334,0.23650000000000002,0.0005617433182117578,0,2,8650752,all_reduce,1,2
361,0.23600000000000002,0.23800000000000002,0.23720000000000002,0.23700000000000002,0.0004396968652757644,0,2,8683520,all_reduce,1,2
362,0.23700000000000002,0.23900000000000002,0.23801666666666668,0.23800000000000002,0.000386939558874797,0,2,8716288,all_reduce,1,2
363,0.23800000000000002,0.24,0.23880000000000004,0.23900000000000002,0.0004760952285695214,0,2,8749056,all_reduce,1,2
364,0.23900000000000002,0.241,0.23958333333333334,0.24,0.0005857094463601737,0,2,8781824,all_reduce,1,2
365,0.23900000000000002,0.241,0.24021666666666666,0.24,0.0004506168611531917,0,2,8814592,all_reduce,1,2
366,0.24,0.242,0.24095000000000003,0.241,0.0005605057240266749,0,2,8847360,all_reduce,1,2
367,0.241,0.243,0.2416833333333333,0.242,0.0005913731666403396,0,2,8880128,all_reduce,1,2
368,0.241,0.245,0.24243333333333333,0.242,0.0006155395104206468,0,2,8912896,all_reduce,1,2
369,0.242,0.244,0.24328333333333332,0.243,0.00048619840486049444,0,2,8945664,all_reduce,1,2
370,0.243,0.245,0.24391666666666667,0.244,0.0003782268572636742,0,2,8978432,all_reduce,1,2
371,0.244,0.246,0.24488333333333331,0.245,0.0005193478816960965,0,2,9011200,all_reduce,1,2
372,0.245,0.246,0.24558333333333332,0.246,0.0004930066485916352,0,2,9043968,all_reduce,1,2
373,0.245,0.247,0.24635000000000004,0.246,0.0005107184482014859,0,2,9076736,all_reduce,1,2
374,0.246,0.248,0.2469333333333333,0.247,0.00035901098714230057,0,2,9109504,all_reduce,1,2
375,0.247,0.249,0.24788333333333326,0.248,0.0005505048188304587,0,2,9142272,all_reduce,1,2
376,0.248,0.249,0.24834999999999996,0.248,0.0004769696007084733,0,2,9175040,all_reduce,1,2
377,0.248,0.25,0.24901666666666672,0.249,0.00046517619123176245,0,2,9207808,all_reduce,1,2
378,0.249,0.251,0.24995,0.25,0.0004252450274057695,0,2,9240576,all_reduce,1,2
379,0.25,0.252,0.2508833333333333,0.251,0.0005799904213768443,0,2,9273344,all_reduce,1,2
380,0.251,0.252,0.2513166666666667,0.251,0.00046517619123176245,0,2,9306112,all_reduce,1,2
381,0.251,0.254,0.25265000000000004,0.253,0.0005423713365090999,0,2,9338880,all_reduce,1,2
382,0.252,0.254,0.2529333333333334,0.253,0.0005436502143433368,0,2,9371648,all_reduce,1,2
383,0.253,0.255,0.25406666666666666,0.254,0.00035901098714230057,0,2,9404416,all_reduce,1,2
384,0.254,0.255,0.25429999999999997,0.254,0.0004582575694955844,0,2,9437184,all_reduce,1,2
385,0.254,0.256,0.25546666666666673,0.255,0.0005312459150169747,0,2,9469952,all_reduce,1,2
386,0.255,0.257,0.25616666666666665,0.256,0.0004887626099538398,0,2,9502720,all_reduce,1,2
387,0.256,0.258,0.25705000000000006,0.257,0.00038405728739343076,0,2,9535488,all_reduce,1,2
388,0.257,0.259,0.2576166666666666,0.258,0.0005505048188304586,0,2,9568256,all_reduce,1,2
389,0.258,0.259,0.25844999999999996,0.258,0.0004974937185533104,0,2,9601024,all_reduce,1,2
390,0.258,0.26,0.259,0.259,0.00044721359549995833,0,2,9633792,all_reduce,1,2
391,0.259,0.261,0.25993333333333335,0.26,0.0004027681991198194,0,2,9666560,all_reduce,1,2
392,0.26,0.262,0.26075,0.261,0.0005041494487418063,0,2,9699328,all_reduce,1,2
393,0.261,0.263,0.26143333333333335,0.261,0.0005280993172584958,0,2,9732096,all_reduce,1,2
394,0.261,0.263,0.2620666666666666,0.262,0.0004027681991198194,0,2,9764864,all_reduce,1,2
395,0.262,0.264,0.26291666666666663,0.263,0.00041998677227847214,0,2,9797632,all_reduce,1,2
396,0.262,0.264,0.2634333333333333,0.263,0.0005280993172584958,0,2,9830400,all_reduce,1,2
397,0.263,0.265,0.26415,0.264,0.0005107184482014859,0,2,9863168,all_reduce,1,2
398,0.264,0.266,0.2649333333333334,0.265,0.0004027681991198195,0,2,9895936,all_reduce,1,2
399,0.265,0.267,0.26578333333333337,0.266,0.0005505048188304586,0,2,9928704,all_reduce,1,2
400,0.265,0.267,0.26641666666666663,0.266,0.0005257270098529173,0,2,9961472,all_reduce,1,2
401,0.266,0.269,0.26718333333333333,0.267,0.000499722145018832,0,2,9994240,all_reduce,1,2
402,0.267,0.27,0.26805,0.268,0.00042524502740576953,0,2,10027008,all_reduce,1,2
403,0.268,0.27,0.26888333333333336,0.269,0.0004861984048604945,0,2,10059776,all_reduce,1,2
404,0.269,0.271,0.26966666666666667,0.27,0.0005055250296034372,0,2,10092544,all_reduce,1,2
405,0.27,0.271,0.27045,0.27,0.0004974937185533104,0,2,10125312,all_reduce,1,2
406,0.27,0.272,0.27101666666666674,0.271,0.00046517619123176245,0,2,10158080,all_reduce,1,2
407,0.271,0.274,0.27185,0.272,0.0005722761571129803,0,2,10190848,all_reduce,1,2
408,0.272,0.273,0.27265,0.273,0.00047696960070847325,0,2,10223616,all_reduce,1,2
409,0.272,0.274,0.2732666666666667,0.273,0.0004784233364802445,0,2,10256384,all_reduce,1,2
410,0.273,0.275,0.27408333333333335,0.274,0.0004930066485916352,0,2,10289152,all_reduce,1,2
411,0.274,0.276,0.2750666666666667,0.275,0.0004422166387140537,0,2,10321920,all_reduce,1,2
412,0.275,0.276,0.27536666666666665,0.275,0.00048189440982669907,0,2,10354688,all_reduce,1,2
413,0.276,0.278,0.2765000000000001,0.276,0.0005322906474223776,0,2,10387456,all_reduce,1,2
414,0.276,0.278,0.27691666666666676,0.277,0.00045795438880113663,0,2,10420224,all_reduce,1,2
415,0.277,0.279,0.27818333333333334,0.278,0.00042784992176644817,0,2,10452992,all_reduce,1,2
416,0.278,0.279,0.2782833333333333,0.278,0.00045061686115319285,0,2,10485760,all_reduce,1,2
417,0.279,0.281,0.2797333333333334,0.28,0.00047842333648024456,0,2,10518528,all_reduce,1,2
418,0.279,0.281,0.28009999999999996,0.28,0.00047258156262526123,0,2,10551296,all_reduce,1,2
419,0.28,0.28200000000000003,0.2811833333333334,0.281,0.00046517619123176256,0,2,10584064,all_reduce,1,2
420,0.281,0.28200000000000003,0.28163333333333335,0.28200000000000003,0.0004818944098266991,0,2,10616832,all_reduce,1,2
421,0.28200000000000003,0.28300000000000003,0.28261666666666674,0.28300000000000003,0.0004861984048604945,0,2,10649600,all_reduce,1,2
422,0.28200000000000003,0.28400000000000003,0.28298333333333336,0.28300000000000003,0.000386939558874797,0,2,10682368,all_reduce,1,2
423,0.28300000000000003,0.28500000000000003,0.28391666666666665,0.28400000000000003,0.0005565269285688004,0,2,10715136,all_reduce,1,2
424,0.28400000000000003,0.28600000000000003,0.28470000000000006,0.28500000000000003,0.0005259911279353171,0,2,10747904,all_reduce,1,2
425,0.28400000000000003,0.28600000000000003,0.2855500000000001,0.28600000000000003,0.0005299371031861554,0,2,10780672,all_reduce,1,2
426,0.28500000000000003,0.28700000000000003,0.2860500000000001,0.28600000000000003,0.0004627814458971611,0,2,10813440,all_reduce,1,2
427,0.28600000000000003,0.289,0.28706666666666664,0.28700000000000003,0.0004784233364802408,0,2,10846208,all_reduce,1,2
428,0.28700000000000003,0.289,0.2876000000000001,0.28800000000000003,0.0005228129047119354,0,2,10878976,all_reduce,1,2
429,0.28700000000000003,0.289,0.28836666666666666,0.28800000000000003,0.0005153208277913179,0,2,10911744,all_reduce,1,2
430,0.28800000000000003,0.29,0.28896666666666676,0.289,0.00036362373715451184,0,2,10944512,all_reduce,1,2
431,0.289,0.291,0.28995,0.29,0.0004974937185533104,0,2,10977280,all_reduce,1,2
432,0.29,0.292,0.2903833333333334,0.29,0.0005193478816960966,0,2,11010048,all_reduce,1,2
433,0.291,0.292,0.2915166666666667,0.292,0.0004997221450188321,0,2,11042816,all_reduce,1,2
434,0.291,0.293,0.2920166666666668,0.292,0.000386939558874797,0,2,11075584,all_reduce,1,2
435,0.292,0.295,0.2930833333333333,0.293,0.0004930066485916351,0,2,11108352,all_reduce,1,2
436,0.292,0.295,0.2935,0.2935,0.0005627314338711383,0,2,11141120,all_reduce,1,2
437,0.294,0.296,0.2944833333333334,0.294,0.0005624845676895407,0,2,11173888,all_reduce,1,2
438,0.294,0.296,0.29500000000000004,0.295,0.0005163977794943226,0,2,11206656,all_reduce,1,2
439,0.295,0.297,0.2960166666666666,0.296,0.0004278499217664483,0,2,11239424,all_reduce,1,2
440,0.296,0.298,0.2967,0.297,0.0005259911279353171,0,2,11272192,all_reduce,1,2
441,0.297,0.299,0.29756666666666665,0.298,0.0005280993172584958,0,2,11304960,all_reduce,1,2
442,0.298,0.3,0.29826666666666657,0.298,0.000512076383191241,0,2,11337728,all_reduce,1,2
443,0.299,0.301,0.29950000000000004,0.299,0.0005322906474223776,0,2,11370496,all_reduce,1,2
444,0.299,0.301,0.2998166666666666,0.3,0.0004997221450188321,0,2,11403264,all_reduce,1,2
445,0.3,0.302,0.3009333333333332,0.301,0.0005436502143433369,0,2,11436032,all_reduce,1,2
446,0.3,0.303,0.3013833333333332,0.301,0.0005505048188304586,0,2,11468800,all_reduce,1,2
447,0.302,0.303,0.3024833333333333,0.302,0.0004997221450188321,0,2,11501568,all_reduce,1,2
448,0.302,0.303,0.3026666666666667,0.303,0.0004714045207910321,0,2,11534336,all_reduce,1,2
449,0.303,0.305,0.3040166666666666,0.304,0.0004997221450188321,0,2,11567104,all_reduce,1,2
450,0.303,0.305,0.30441666666666656,0.304,0.0005257270098529172,0,2,11599872,all_reduce,1,2
451,0.305,0.306,0.3055166666666667,0.306,0.0004997221450188321,0,2,11632640,all_reduce,1,2
452,0.305,0.307,0.3059666666666666,0.306,0.0005467073155618913,0,2,11665408,all_reduce,1,2
453,0.306,0.308,0.30704999999999993,0.307,0.00038405728739343076,0,2,11698176,all_reduce,1,2
454,0.307,0.308,0.3076166666666666,0.308,0.0004861984048604945,0,2,11730944,all_reduce,1,2
455,0.307,0.31,0.30835,0.308,0.0005423713365090998,0,2,11763712,all_reduce,1,2
456,0.308,0.31,0.3088833333333334,0.309,0.00045061686115319285,0,2,11796480,all_reduce,1,2
457,0.309,0.311,0.30986666666666657,0.31,0.00046427960923947105,0,2,11829248,all_reduce,1,2
458,0.31,0.312,0.3104833333333333,0.31,0.0005320296566504126,0,2,11862016,all_reduce,1,2
459,0.31,0.312,0.31133333333333335,0.311,0.000505525029603437,0,2,11894784,all_reduce,1,2
460,0.311,0.313,0.31205000000000005,0.312,0.00038405728739343076,0,2,11927552,all_reduce,1,2
461,0.312,0.314,0.31286666666666657,0.313,0.00042687494916219024,0,2,11960320,all_reduce,1,2
462,0.312,0.314,0.3133499999999999,0.313,0.0005423713365090997,0,2,11993088,all_reduce,1,2
463,0.313,0.315,0.3142000000000001,0.314,0.0005099019513592789,0,2,12025856,all_reduce,1,2
464,0.314,0.316,0.3150000000000001,0.315,0.0004830458915396484,0,2,12058624,all_reduce,1,2
465,0.315,0.317,0.3158833333333334,0.316,0.000369308663436006,0,2,12091392,all_reduce,1,2
466,0.316,0.317,0.31636666666666663,0.316,0.00048189440982669907,0,2,12124160,all_reduce,1,2
467,0.317,0.326,0.31745000000000007,0.317,0.0012031209415515978,0,2,12156928,all_reduce,1,2
468,0.317,0.319,0.3178666666666667,0.318,0.0004988876515698593,0,2,12189696,all_reduce,1,2
469,0.318,0.321,0.3189,0.319,0.000675771164423777,0,2,12222464,all_reduce,1,2
470,0.319,0.32,0.3194499999999999,0.319,0.0004974937185533104,0,2,12255232,all_reduce,1,2
471,0.319,0.321,0.3203166666666667,0.32,0.0005624845676895407,0,2,12288000,all_reduce,1,2
472,0.32,0.322,0.3209000000000001,0.321,0.0005066228051190226,0,2,12320768,all_reduce,1,2
473,0.321,0.323,0.3216833333333334,0.322,0.0005624845676895407,0,2,12353536,all_reduce,1,2
474,0.322,0.324,0.32246666666666657,0.322,0.0005312459150169747,0,2,12386304,all_reduce,1,2
475,0.322,0.324,0.3234833333333334,0.3235,0.0005320296566504127,0,2,12419072,all_reduce,1,2
476,0.323,0.325,0.32403333333333345,0.324,0.0005467073155618913,0,2,12451840,all_reduce,1,2
477,0.324,0.327,0.32508333333333334,0.325,0.0006656241849238626,0,2,12484608,all_reduce,1,2
478,0.325,0.327,0.3256,0.326,0.0005228129047119378,0,2,12517376,all_reduce,1,2
479,0.326,0.328,0.3265666666666667,0.327,0.0005587684871413408,0,2,12550144,all_reduce,1,2
480,0.326,0.328,0.3269500000000001,0.327,0.0004974937185533104,0,2,12582912,all_reduce,1,2
481,0.327,0.329,0.3280833333333332,0.328,0.0004930066485916352,0,2,12615680,all_reduce,1,2
482,0.328,0.33,0.32855000000000006,0.329,0.0005299371031861554,0,2,12648448,all_reduce,1,2
483,0.329,0.331,0.32963333333333333,0.33,0.000515320827791344,0,2,12681216,all_reduce,1,2
484,0.33,0.331,0.33016666666666666,0.33,0.0003726779962499653,0,2,12713984,all_reduce,1,2
485,0.33,0.333,0.33103333333333335,0.331,0.0005467073155618914,0,2,12746752,all_reduce,1,2
486,0.33,0.333,0.3316666666666667,0.332,0.0005676462121975473,0,2,12779520,all_reduce,1,2
487,0.331,0.333,0.33243333333333336,0.332,0.0005280993172584958,0,2,12812288,all_reduce,1,2
488,0.332,0.334,0.3331833333333333,0.333,0.0004997221450188321,0,2,12845056,all_reduce,1,2
489,0.333,0.335,0.33408333333333334,0.334,0.0005257270098529173,0,2,12877824,all_reduce,1,2
490,0.334,0.335,0.33473333333333344,0.335,0.0004422166387140538,0,2,12910592,all_reduce,1,2
491,0.335,0.336,0.33535000000000004,0.335,0.00047696960070847325,0,2,12943360,all_reduce,1,2
492,0.331,0.337,0.3359666666666666,0.336,0.0008158158833680285,0,2,12976128,all_reduce,1,2
493,0.336,0.338,0.33678333333333327,0.337,0.00048619840486049444,0,2,13008896,all_reduce,1,2
494,0.337,0.339,0.33768333333333345,0.338,0.0004997221450188321,0,2,13041664,all_reduce,1,2
495,0.321,0.339,0.3379833333333334,0.338,0.002261943608688974,0,2,13074432,all_reduce,1,2
496,0.338,0.341,0.33924999999999994,0.339,0.0005361902647381809,0,2,13107200,all_reduce,1,2
497,0.339,0.341,0.3398666666666667,0.34,0.00046427960923947105,0,2,13139968,all_reduce,1,2
498,0.34,0.342,0.3405166666666667,0.3405,0.0005320296566504126,0,2,13172736,all_reduce,1,2
499,0.34,0.342,0.34136666666666665,0.341,0.0005153208277913439,0,2,13205504,all_reduce,1,2
500,0.341,0.343,0.34206666666666663,0.342,0.0003590109871423006,0,2,13238272,all_reduce,1,2
501,0.342,0.343,0.34279999999999994,0.343,0.0004000000000000003,0,2,13271040,all_reduce,1,2
502,0.342,0.34400000000000003,0.3435833333333334,0.34400000000000003,0.0005257270098529172,0,2,13303808,all_reduce,1,2
503,0.343,0.34500000000000003,0.34425,0.34400000000000003,0.00046992907266238995,0,2,13336576,all_reduce,1,2
504,0.34400000000000003,0.34600000000000003,0.3451333333333333,0.34500000000000003,0.00046427960923947105,0,2,13369344,all_reduce,1,2
505,0.34500000000000003,0.34700000000000003,0.3456666666666667,0.34600000000000003,0.0005055250296034372,0,2,13402112,all_reduce,1,2
506,0.34500000000000003,0.34700000000000003,0.34646666666666676,0.34600000000000003,0.0005312459150169747,0,2,13434880,all_reduce,1,2
507,0.34700000000000003,0.34800000000000003,0.3475333333333333,0.34800000000000003,0.0004988876515698593,0,2,13467648,all_reduce,1,2
508,0.34700000000000003,0.34900000000000003,0.3480166666666667,0.34800000000000003,0.0005320296566504127,0,2,13500416,all_reduce,1,2
509,0.34800000000000003,0.35000000000000003,0.3491166666666667,0.34900000000000003,0.0004506168611531929,0,2,13533184,all_reduce,1,2
510,0.34900000000000003,0.35100000000000003,0.3497333333333335,0.35000000000000003,0.0005734883511361756,0,2,13565952,all_reduce,1,2
511,0.35000000000000003,0.352,0.35061666666666663,0.35100000000000003,0.0005799904213768378,0,2,13598720,all_reduce,1,2
512,0.35000000000000003,0.352,0.3512,0.35100000000000003,0.000476095228569502,0,2,13631488,all_reduce,1,2
513,0.35100000000000003,0.354,0.3522,0.352,0.0005099019513592746,0,2,13664256,all_reduce,1,2
514,0.35100000000000003,0.356,0.35268333333333335,0.353,0.0007851043808875906,0,2,13697024,all_reduce,1,2
515,0.353,0.356,0.35359999999999997,0.354,0.0006110100926607792,0,2,13729792,all_reduce,1,2
516,0.353,0.355,0.35431666666666667,0.354,0.0005320296566504127,0,2,13762560,all_reduce,1,2
517,0.354,0.356,0.3552166666666667,0.355,0.0005193478816960965,0,2,13795328,all_reduce,1,2
518,0.355,0.357,0.3557333333333333,0.356,0.000512076383191241,0,2,13828096,all_reduce,1,2
519,0.356,0.357,0.35655,0.357,0.0004974937185533104,0,2,13860864,all_reduce,1,2
520,0.356,0.36,0.35718333333333324,0.357,0.000645282022753532,0,2,13893632,all_reduce,1,2
521,0.357,0.359,0.35800000000000004,0.358,0.0004830458915396484,0,2,13926400,all_reduce,1,2
522,0.358,0.361,0.3587,0.359,0.0005567764362830027,0,2,13959168,all_reduce,1,2
523,0.359,0.361,0.3595,0.359,0.0005322906474223776,0,2,13991936,all_reduce,1,2
524,0.359,0.361,0.3601833333333333,0.36,0.0005320296566504127,0,2,14024704,all_reduce,1,2
525,0.36,0.362,0.3609833333333333,0.361,0.00046517619123176256,0,2,14057472,all_reduce,1,2
526,0.361,0.363,0.3617166666666666,0.362,0.0005799904213768443,0,2,14090240,all_reduce,1,2
527,0.362,0.363,0.3624166666666666,0.362,0.0004930066485916352,0,2,14123008,all_reduce,1,2
528,0.362,0.364,0.3631166666666666,0.363,0.0004861984048604945,0,2,14155776,all_reduce,1,2
529,0.363,0.365,0.364,0.364,0.0004082482904638634,0,2,14188544,all_reduce,1,2
530,0.364,0.366,0.3646833333333332,0.365,0.0004997221450188321,0,2,14221312,all_reduce,1,2
531,0.365,0.366,0.36544999999999994,0.365,0.0004974937185533104,0,2,14254080,all_reduce,1,2
532,0.365,0.367,0.36624999999999996,0.366,0.00046992907266238995,0,2,14286848,all_reduce,1,2
533,0.366,0.368,0.36703333333333343,0.367,0.00031446603773522034,0,2,14319616,all_reduce,1,2
534,0.367,0.369,0.3677833333333333,0.368,0.0005193478816960965,0,2,14352384,all_reduce,1,2
535,0.368,0.37,0.3684166666666666,0.368,0.0005257270098529173,0,2,14385152,all_reduce,1,2
536,0.368,0.37,0.36906666666666665,0.369,0.00047842333648024456,0,2,14417920,all_reduce,1,2
537,0.369,0.371,0.3699000000000001,0.37,0.0004725815626252613,0,2,14450688,all_reduce,1,2
538,0.37,0.371,0.37056666666666666,0.371,0.0004955356249106172,0,2,14483456,all_reduce,1,2
539,0.371,0.372,0.37166666666666665,0.372,0.00047140452079103207,0,2,14516224,all_reduce,1,2
540,0.371,0.373,0.3722,0.372,0.0004760952285695237,0,2,14548992,all_reduce,1,2
541,0.372,0.374,0.3732666666666667,0.373,0.000512076383191241,0,2,14581760,all_reduce,1,2
542,0.373,0.375,0.3737333333333333,0.374,0.0005436502143433368,0,2,14614528,all_reduce,1,2
543,0.374,0.376,0.37459999999999993,0.375,0.0005228129047119378,0,2,14647296,all_reduce,1,2
544,0.374,0.376,0.37505,0.375,0.0004252450274057695,0,2,14680064,all_reduce,1,2
545,0.375,0.377,0.37616666666666665,0.376,0.0004887626099538398,0,2,14712832,all_reduce,1,2
546,0.376,0.378,0.37691666666666657,0.377,0.00033124344857253014,0,2,14745600,all_reduce,1,2
547,0.376,0.378,0.3774333333333333,0.377,0.0005280993172584958,0,2,14778368,all_reduce,1,2
548,0.377,0.379,0.37825000000000014,0.378,0.0005041494487418063,0,2,14811136,all_reduce,1,2
549,0.378,0.38,0.37913333333333343,0.379,0.00038586123009300784,0,2,14843904,all_reduce,1,2
550,0.379,0.38,0.3796833333333333,0.38,0.00046517619123176245,0,2,14876672,all_reduce,1,2
551,0.38,0.382,0.38073333333333337,0.381,0.00047842333648024456,0,2,14909440,all_reduce,1,2
552,0.381,0.382,0.3813500000000001,0.381,0.0004769696007084732,0,2,14942208,all_reduce,1,2
553,0.381,0.383,0.3822333333333334,0.382,0.0004955356249106172,0,2,14974976,all_reduce,1,2
554,0.381,0.384,0.3827333333333333,0.383,0.0005436502143433368,0,2,15007744,all_reduce,1,2
555,0.383,0.384,0.38356666666666667,0.384,0.0004955356249106172,0,2,15040512,all_reduce,1,2
556,0.383,0.385,0.38425,0.384,0.0005041494487418063,0,2,15073280,all_reduce,1,2
557,0.384,0.386,0.3849000000000001,0.385,0.0003958114029012642,0,2,15106048,all_reduce,1,2
558,0.385,0.387,0.38583333333333336,0.386,0.0005217491947499514,0,2,15138816,all_reduce,1,2
559,0.385,0.387,0.3866,0.387,0.0005228129047119378,0,2,15171584,all_reduce,1,2
560,0.386,0.389,0.38730000000000003,0.387,0.0005859465277082321,0,2,15204352,all_reduce,1,2
561,0.387,0.389,0.3880500000000001,0.388,0.000560505724026675,0,2,15237120,all_reduce,1,2
562,0.388,0.39,0.3889166666666667,0.389,0.00045795438880113663,0,2,15269888,all_reduce,1,2
563,0.389,0.391,0.3895166666666667,0.389,0.0005913731666403396,0,2,15302656,all_reduce,1,2
564,0.389,0.391,0.3901166666666668,0.39,0.0005193478816960966,0,2,15335424,all_reduce,1,2
565,0.385,0.392,0.39099999999999996,0.391,0.0008944271909999167,0,2,15368192,all_reduce,1,2
566,0.391,0.393,0.3916833333333333,0.392,0.0004997221450188321,0,2,15400960,all_reduce,1,2
567,0.392,0.394,0.39265000000000005,0.393,0.0005107184482014859,0,2,15433728,all_reduce,1,2
568,0.393,0.394,0.39338333333333336,0.393,0.0004861984048604945,0,2,15466496,all_reduce,1,2
569,0.393,0.395,0.39415,0.394,0.0005107184482014859,0,2,15499264,all_reduce,1,2
570,0.394,0.396,0.39494999999999997,0.395,0.0005299371031861553,0,2,15532032,all_reduce,1,2
571,0.395,0.397,0.3957666666666667,0.396,0.0005587684871413408,0,2,15564800,all_reduce,1,2
572,0.396,0.397,0.39633333333333337,0.396,0.00047140452079103207,0,2,15597568,all_reduce,1,2
573,0.397,0.398,0.3972333333333333,0.397,0.0004229525846816511,0,2,15630336,all_reduce,1,2
574,0.397,0.399,0.39786666666666665,0.398,0.0005312459150169747,0,2,15663104,all_reduce,1,2
575,0.398,0.4,0.3988333333333334,0.399,0.0005821416398857667,0,2,15695872,all_reduce,1,2
576,0.395,0.4,0.39916666666666667,0.399,0.0006871842709362774,0,2,15728640,all_reduce,1,2
577,0.4,0.401,0.40034999999999993,0.4,0.00047696960070847325,0,2,15761408,all_reduce,1,2
578,0.4,0.402,0.40083333333333326,0.401,0.0004533823502911819,0,2,15794176,all_reduce,1,2
579,0.401,0.403,0.40178333333333344,0.402,0.00045061686115319285,0,2,15826944,all_reduce,1,2
580,0.402,0.403,0.4023666666666667,0.402,0.00048189440982669907,0,2,15859712,all_reduce,1,2
581,0.402,0.404,0.40306666666666663,0.403,0.0004784233364802446,0,2,15892480,all_reduce,1,2
582,0.403,0.405,0.40374999999999994,0.404,0.0005361902647381809,0,2,15925248,all_reduce,1,2
583,0.4,0.406,0.4046833333333334,0.405,0.0008060534859562505,0,2,15958016,all_reduce,1,2
584,0.405,0.406,0.4054500000000001,0.405,0.0004974937185533104,0,2,15990784,all_reduce,1,2
585,0.405,0.40700000000000003,0.40625000000000006,0.406,0.0005041494487418063,0,2,16023552,all_reduce,1,2
586,0.406,0.40900000000000003,0.40706666666666674,0.40700000000000003,0.0005734883511361756,0,2,16056320,all_reduce,1,2
587,0.40700000000000003,0.41000000000000003,0.40758333333333335,0.40800000000000003,0.0006135054106435327,0,2,16089088,all_reduce,1,2
588,0.40700000000000003,0.41000000000000003,0.4084000000000001,0.40800000000000003,0.0005537749241945388,0,2,16121856,all_reduce,1,2
589,0.40800000000000003,0.41000000000000003,0.40919999999999995,0.40900000000000003,0.00047609522856952377,0,2,16154624,all_reduce,1,2
590,0.40900000000000003,0.41100000000000003,0.40993333333333337,0.41000000000000003,0.0005120763831912411,0,2,16187392,all_reduce,1,2
591,0.41000000000000003,0.419,0.41083333333333344,0.41100000000000003,0.0011995369476964334,0,2,16220160,all_reduce,1,2
592,0.41000000000000003,0.41200000000000003,0.4114500000000001,0.41100000000000003,0.0005299371031861553,0,2,16252928,all_reduce,1,2
593,0.41200000000000003,0.41300000000000003,0.4122,0.41200000000000003,0.0004000000000000003,0,2,16285696,all_reduce,1,2
594,0.41200000000000003,0.41500000000000004,0.41301666666666675,0.41300000000000003,0.0005320296566504127,0,2,16318464,all_reduce,1,2
595,0.41200000000000003,0.41400000000000003,0.4136333333333335,0.41400000000000003,0.000515320827791344,0,2,16351232,all_reduce,1,2
596,0.41300000000000003,0.41600000000000004,0.4143666666666667,0.41400000000000003,0.0006823163163486246,0,2,16384000,all_reduce,1,2
597,0.41400000000000003,0.41600000000000004,0.41515,0.41500000000000004,0.0005423713365090998,0,2,16416768,all_reduce,1,2
598,0.41500000000000004,0.418,0.41595,0.41600000000000004,0.000560505724026663,0,2,16449536,all_reduce,1,2
599,0.41600000000000004,0.418,0.4164666666666667,0.41600000000000004,0.0005312459150169479,0,2,16482304,all_reduce,1,2
600,0.41600000000000004,0.418,0.41744999999999993,0.417,0.0005605057240266703,0,2,16515072,all_reduce,1,2
601,0.418,0.419,0.4183,0.418,0.00045825756949558437,0,2,16547840,all_reduce,1,2
602,0.418,0.421,0.41905000000000003,0.419,0.0005894913061275802,0,2,16580608,all_reduce,1,2
603,0.418,0.422,0.41996666666666665,0.42,0.0006574360974438679,0,2,16613376,all_reduce,1,2
604,0.42,0.422,0.4204833333333333,0.42,0.0005320296566504126,0,2,16646144,all_reduce,1,2
605,0.421,0.423,0.4213333333333333,0.421,0.0005055250296034372,0,2,16678912,all_reduce,1,2
606,0.421,0.423,0.4219333333333333,0.422,0.0005734883511361756,0,2,16711680,all_reduce,1,2
607,0.421,0.424,0.42301666666666654,0.423,0.0004651761912317626,0,2,16744448,all_reduce,1,2
608,0.423,0.425,0.4234333333333333,0.423,0.0005587684871413408,0,2,16777216,all_reduce,1,2
609,0.422,0.424,0.42333333333333323,0.423,0.000505525029603437,0,2,16777216,all_reduce,1,2
610,0.46,0.463,0.4615,0.462,0.0008062257748298556,0,2,16908288,all_reduce,1,2
611,0.461,0.465,0.46295000000000003,0.463,0.0007170541588099657,0,2,17039360,all_reduce,1,2
612,0.467,0.47000000000000003,0.4685500000000001,0.46900000000000003,0.0007170541588099657,0,2,17170432,all_reduce,1,2
613,0.46900000000000003,0.47300000000000003,0.47050000000000014,0.47000000000000003,0.0008660254037844393,0,2,17301504,all_reduce,1,2
614,0.47000000000000003,0.47500000000000003,0.4724833333333334,0.47200000000000003,0.0008463975950396422,0,2,17432576,all_reduce,1,2
615,0.47200000000000003,0.47600000000000003,0.4739166666666667,0.47400000000000003,0.0010213009133235697,0,2,17563648,all_reduce,1,2
616,0.47300000000000003,0.47800000000000004,0.47561666666666674,0.47600000000000003,0.0010015266125049088,0,2,17694720,all_reduce,1,2
617,0.47500000000000003,0.48,0.47755000000000003,0.47800000000000004,0.0011317390747576609,0,2,17825792,all_reduce,1,2
618,0.47900000000000004,0.483,0.4807333333333333,0.481,0.0011085526098877155,0,2,17956864,all_reduce,1,2
619,0.48,0.485,0.4824666666666666,0.482,0.0011175369742826818,0,2,18087936,all_reduce,1,2
620,0.48,0.487,0.4842666666666667,0.484,0.0014243907079481012,0,2,18219008,all_reduce,1,2
621,0.483,0.489,0.4861833333333332,0.486,0.0014199960876315444,0,2,18350080,all_reduce,1,2
622,0.485,0.493,0.4888333333333333,0.489,0.001634693311365232,0,2,18481152,all_reduce,1,2
623,0.486,0.495,0.49131666666666657,0.492,0.0018483476104047352,0,2,18612224,all_reduce,1,2
624,0.489,0.497,0.4933166666666666,0.493,0.0018483476104047352,0,2,18743296,all_reduce,1,2
625,0.491,0.5,0.49584999999999996,0.496,0.0018332575741922734,0,2,18874368,all_reduce,1,2
626,0.495,0.502,0.4985166666666666,0.498,0.0019364199498616587,0,2,19005440,all_reduce,1,2
627,0.497,0.506,0.5006333333333333,0.5005,0.002228352655114438,0,2,19136512,all_reduce,1,2
628,0.498,0.508,0.50315,0.503,0.0023651990754832196,0,2,19267584,all_reduce,1,2
629,0.5,0.511,0.5051333333333333,0.505,0.002771682200798323,0,2,19398656,all_reduce,1,2
630,0.502,0.512,0.5070833333333334,0.507,0.003051183741144122,0,2,19529728,all_reduce,1,2
631,0.505,0.516,0.5093333333333334,0.509,0.0029476921292578883,0,2,19660800,all_reduce,1,2
632,0.506,0.517,0.5115333333333333,0.512,0.0025064361596143303,0,2,19791872,all_reduce,1,2
633,0.51,0.522,0.51365,0.513,0.0025154522456210557,0,2,19922944,all_reduce,1,2
634,0.512,0.524,0.5171166666666668,0.516,0.0027874221463966018,0,2,20054016,all_reduce,1,2
635,0.516,0.526,0.5193833333333333,0.519,0.0026082667723136698,0,2,20185088,all_reduce,1,2
636,0.518,0.53,0.5227,0.522,0.002794637722496427,0,2,20316160,all_reduce,1,2
637,0.521,0.531,0.5250666666666667,0.525,0.0024212026396446523,0,2,20447232,all_reduce,1,2
638,0.523,0.535,0.52815,0.5275000000000001,0.0026945933521281733,0,2,20578304,all_reduce,1,2
639,0.525,0.537,0.5315166666666667,0.5305,0.0030522760178084986,0,2,20709376,all_reduce,1,2
640,0.529,0.539,0.5342,0.5335000000000001,0.0029200456617434396,0,2,20840448,all_reduce,1,2
641,0.53,0.544,0.5367999999999999,0.5365,0.0034146742157927777,0,2,20971520,all_reduce,1,2
642,0.534,0.547,0.5392833333333333,0.539,0.0027694263345000233,0,2,21102592,all_reduce,1,2
643,0.536,0.548,0.5415833333333334,0.541,0.002996062230476681,0,2,21233664,all_reduce,1,2
644,0.54,0.552,0.5454000000000001,0.5445,0.003115552385479449,0,2,21364736,all_reduce,1,2
645,0.543,0.556,0.5479999999999999,0.548,0.0030713731999438545,0,2,21495808,all_reduce,1,2
646,0.546,0.56,0.5506000000000001,0.5495000000000001,0.0031685959035509747,0,2,21626880,all_reduce,1,2
647,0.546,0.56,0.5536666666666666,0.554,0.0034042457151164792,0,2,21757952,all_reduce,1,2
648,0.552,0.5640000000000001,0.5572666666666667,0.557,0.003203470340462393,0,2,21889024,all_reduce,1,2
649,0.553,0.5680000000000001,0.5589999999999999,0.559,0.003204163957519447,0,2,22020096,all_reduce,1,2
650,0.556,0.5710000000000001,0.5626333333333335,0.5630000000000001,0.0031726259715818337,0,2,22151168,all_reduce,1,2
651,0.559,0.577,0.5655166666666668,0.5650000000000001,0.003779292996785978,0,2,22282240,all_reduce,1,2
652,0.561,0.579,0.5674333333333335,0.5670000000000001,0.003703001785338782,0,2,22413312,all_reduce,1,2
653,0.5630000000000001,0.581,0.5710666666666667,0.5710000000000001,0.003458644564308698,0,2,22544384,all_reduce,1,2
654,0.5670000000000001,0.584,0.5741833333333334,0.5735000000000001,0.0038448739323357893,0,2,22675456,all_reduce,1,2
655,0.5690000000000001,0.586,0.57685,0.577,0.0033903048043894806,0,2,22806528,all_reduce,1,2
656,0.5730000000000001,0.587,0.5794666666666667,0.579,0.0037392809766346774,0,2,22937600,all_reduce,1,2
657,0.5760000000000001,0.593,0.5828500000000002,0.583,0.0033705835300928684,0,2,23068672,all_reduce,1,2
658,0.579,0.595,0.5868000000000002,0.587,0.0034146742157927772,0,2,23199744,all_reduce,1,2
659,0.582,0.597,0.5886833333333332,0.5885,0.003201518736821985,0,2,23330816,all_reduce,1,2
660,0.587,0.603,0.5914166666666667,0.591,0.00330802895325231,0,2,23461888,all_reduce,1,2
661,0.589,0.601,0.5946499999999999,0.594,0.002755751561129319,0,2,23592960,all_reduce,1,2
662,0.59,0.603,0.5969666666666666,0.597,0.002683074521680101,0,2,23724032,all_reduce,1,2
663,0.594,0.605,0.5991333333333333,0.599,0.002819377393838736,0,2,23855104,all_reduce,1,2
664,0.596,0.608,0.6020333333333333,0.602,0.0025163907133476378,0,2,23986176,all_reduce,1,2
665,0.597,0.612,0.6051,0.6045,0.003058866892603646,0,2,24117248,all_reduce,1,2
666,0.603,0.613,0.6087999999999999,0.608,0.0023508863576673965,0,2,24248320,all_reduce,1,2
667,0.605,0.623,0.6115166666666666,0.611,0.003447180812715744,0,2,24379392,all_reduce,1,2
668,0.609,0.623,0.6149666666666668,0.615,0.00302746685457588,0,2,24510464,all_reduce,1,2
669,0.612,0.627,0.6179999999999999,0.618,0.0030276503540974946,0,2,24641536,all_reduce,1,2
670,0.615,0.628,0.6213333333333334,0.621,0.0028146442443446095,0,2,24772608,all_reduce,1,2
671,0.619,0.631,0.6236999999999999,0.624,0.002888482877451994,0,2,24903680,all_reduce,1,2
672,0.621,0.638,0.6264500000000001,0.626,0.0028485376365192513,0,2,25034752,all_reduce,1,2
673,0.622,0.634,0.6286,0.629,0.002570343686487602,0,2,25165824,all_reduce,1,2
674,0.625,0.64,0.6320833333333336,0.632,0.0029737275523416015,0,2,25296896,all_reduce,1,2
675,0.629,0.642,0.6357333333333334,0.635,0.0027980151695244436,0,2,25427968,all_reduce,1,2
676,0.633,0.642,0.63755,0.637,0.0023482262809760637,0,2,25559040,all_reduce,1,2
677,0.634,0.647,0.6409166666666667,0.641,0.0031106894555530456,0,2,25690112,all_reduce,1,2
678,0.639,0.65,0.64395,0.644,0.0024112583160388846,0,2,25821184,all_reduce,1,2
679,0.643,0.653,0.6477666666666667,0.648,0.002697941602201371,0,2,25952256,all_reduce,1,2
680,0.646,0.657,0.6505833333333333,0.65,0.0026974782462308947,0,2,26083328,all_reduce,1,2
681,0.647,0.662,0.6531666666666668,0.653,0.0026781004877006083,0,2,26214400,all_reduce,1,2
682,0.652,0.663,0.6570833333333334,0.657,0.0024717852297928785,0,2,26345472,all_reduce,1,2
683,0.655,0.666,0.6600666666666666,0.66,0.002386536309289169,0,2,26476544,all_reduce,1,2
684,0.657,0.668,0.6623666666666665,0.662,0.002523005262688837,0,2,26607616,all_reduce,1,2
685,0.657,0.672,0.6650500000000001,0.665,0.003068251402129018,0,2,26738688,all_reduce,1,2
686,0.662,0.673,0.6684000000000001,0.668,0.002659573900709162,0,2,26869760,all_reduce,1,2
687,0.666,0.678,0.6716833333333334,0.671,0.0027416033427337554,0,2,27000832,all_reduce,1,2
688,0.668,0.681,0.6747333333333334,0.6745000000000001,0.0025746628689770046,0,2,27131904,all_reduce,1,2
689,0.669,0.685,0.67815,0.678,0.0029030156733989595,0,2,27262976,all_reduce,1,2
690,0.675,0.6880000000000001,0.6811333333333333,0.681,0.0032065904356843333,0,2,27394048,all_reduce,1,2
691,0.676,0.6880000000000001,0.6839666666666668,0.684,0.002750555499450169,0,2,27525120,all_reduce,1,2
692,0.679,0.6940000000000001,0.6869833333333334,0.6875,0.0025198655166937447,0,2,27656192,all_reduce,1,2
693,0.682,0.6980000000000001,0.6892333333333336,0.6890000000000001,0.0027890659527678623,0,2,27787264,all_reduce,1,2
694,0.687,0.6980000000000001,0.6923,0.6920000000000001,0.0025967928938083118,0,2,27918336,all_reduce,1,2
695,0.6900000000000001,0.7010000000000001,0.6956166666666667,0.6960000000000001,0.0027694263345000233,0,2,28049408,all_reduce,1,2
696,0.6920000000000001,0.705,0.6982,0.6980000000000001,0.0029933259094191513,0,2,28180480,all_reduce,1,2
697,0.6940000000000001,0.706,0.7008333333333334,0.7010000000000001,0.002557125121868068,0,2,28311552,all_reduce,1,2
698,0.6990000000000001,0.71,0.7044166666666667,0.704,0.0023042834509283037,0,2,28442624,all_reduce,1,2
699,0.7010000000000001,0.714,0.7078166666666668,0.7075,0.0028076779650728265,0,2,28573696,all_reduce,1,2
700,0.705,0.719,0.7106499999999999,0.711,0.0030156536052183915,0,2,28704768,all_reduce,1,2
701,0.707,0.721,0.7134833333333334,0.714,0.002963622033180947,0,2,28835840,all_reduce,1,2
702,0.712,0.722,0.7164666666666667,0.7164999999999999,0.0025655841873191833,0,2,28966912,all_reduce,1,2
703,0.713,0.724,0.7189666666666666,0.719,0.0024287628309262515,0,2,29097984,all_reduce,1,2
704,0.716,0.727,0.7222999999999999,0.722,0.002410394158638792,0,2,29229056,all_reduce,1,2
705,0.72,0.731,0.7248499999999999,0.725,0.002743628983663792,0,2,29360128,all_reduce,1,2
706,0.723,0.733,0.7280666666666665,0.728,0.002428076513529911,0,2,29491200,all_reduce,1,2
707,0.726,0.737,0.7315666666666665,0.732,0.002923278220689158,0,2,29622272,all_reduce,1,2
708,0.724,0.741,0.7336166666666668,0.734,0.003050091073321512,0,2,29753344,all_reduce,1,2
709,0.73,0.741,0.7367499999999999,0.737,0.0023708296719362493,0,2,29884416,all_reduce,1,2
710,0.734,0.745,0.7402666666666666,0.74,0.00230843862575744,0,2,30015488,all_reduce,1,2
711,0.737,0.749,0.7426833333333335,0.743,0.0024255010937032306,0,2,30146560,all_reduce,1,2
712,0.74,0.751,0.7453999999999998,0.745,0.002353720459187966,0,2,30277632,all_reduce,1,2
713,0.741,0.755,0.7485666666666668,0.749,0.0025388098699106174,0,2,30408704,all_reduce,1,2
714,0.747,0.76,0.7519833333333333,0.752,0.0026235578048816777,0,2,30539776,all_reduce,1,2
715,0.75,0.76,0.7554000000000001,0.755,0.0024979991993593614,0,2,30670848,all_reduce,1,2
716,0.752,0.765,0.7581500000000001,0.758,0.0025088177826750745,0,2,30801920,all_reduce,1,2
717,0.759,0.768,0.7623166666666668,0.762,0.002020657208819834,0,2,30932992,all_reduce,1,2
718,0.758,0.771,0.7643000000000002,0.764,0.0026286878856189855,0,2,31064064,all_reduce,1,2
719,0.762,0.772,0.767,0.767,0.002536401650632909,0,2,31195136,all_reduce,1,2
720,0.764,0.775,0.7694666666666667,0.769,0.0021791945504908224,0,2,31326208,all_reduce,1,2
721,0.768,0.778,0.7732166666666667,0.773,0.002614648903560266,0,2,31457280,all_reduce,1,2
722,0.771,0.782,0.77615,0.776,0.0025614123708089928,0,2,31588352,all_reduce,1,2
723,0.772,0.786,0.7792,0.779,0.0029540932054806066,0,2,31719424,all_reduce,1,2
724,0.777,0.79,0.7822666666666668,0.782,0.002619584360585136,0,2,31850496,all_reduce,1,2
725,0.781,0.791,0.7844,0.784,0.0024372115213907902,0,2,31981568,all_reduce,1,2
726,0.783,0.794,0.7877,0.787,0.0026789301347117434,0,2,32112640,all_reduce,1,2
727,0.785,0.796,0.7901333333333334,0.791,0.002991469352824612,0,2,32243712,all_reduce,1,2
728,0.788,0.799,0.7932833333333333,0.793,0.00232444736562383,0,2,32374784,all_reduce,1,2
729,0.79,0.801,0.7953500000000001,0.795,0.0022496295991414547,0,2,32505856,all_reduce,1,2
730,0.791,0.804,0.79955,0.8,0.0029519767388424124,0,2,32636928,all_reduce,1,2
731,0.797,0.81,0.8033500000000001,0.803,0.0028857408061016177,0,2,32768000,all_reduce,1,2
732,0.795,0.812,0.8042166666666668,0.804,0.0033221060923590185,0,2,32899072,all_reduce,1,2
733,0.801,0.8140000000000001,0.8068500000000001,0.807,0.0025483654892237647,0,2,33030144,all_reduce,1,2
734,0.806,0.8190000000000001,0.8119666666666668,0.812,0.0029323862107316126,0,2,33161216,all_reduce,1,2
735,0.806,0.8200000000000001,0.8143833333333333,0.8150000000000001,0.002543564864952776,0,2,33292288,all_reduce,1,2
736,0.81,0.8240000000000001,0.8180666666666667,0.8180000000000001,0.003037908637350522,0,2,33423360,all_reduce,1,2
737,0.812,0.8260000000000001,0.8205500000000001,0.8210000000000001,0.0030736785778607396,0,2,33554432,all_reduce,1,2
738,0.858,0.872,0.8637333333333335,0.8634999999999999,0.0032345358588555233,0,2,33685504,all_reduce,1,2
739,0.858,0.87,0.8646166666666667,0.865,0.002751312817951139,0,2,33816576,all_reduce,1,2
740,0.864,0.884,0.8692833333333333,0.869,0.0032613477105161463,0,2,33947648,all_reduce,1,2
741,0.866,0.881,0.8716166666666666,0.871,0.0030881044167723514,0,2,34078720,all_reduce,1,2
742,0.867,0.88,0.8734999999999999,0.874,0.0025265259415516287,0,2,34209792,all_reduce,1,2
743,0.868,0.881,0.8745999999999999,0.874,0.002870540018881467,0,2,34340864,all_reduce,1,2
744,0.871,0.886,0.8768499999999998,0.876,0.003150793550837633,0,2,34471936,all_reduce,1,2
745,0.874,0.888,0.8788333333333332,0.878,0.0031100196498128818,0,2,34603008,all_reduce,1,2
746,0.876,0.89,0.8816499999999999,0.8815,0.002954234249344492,0,2,34734080,all_reduce,1,2
747,0.877,0.889,0.8830500000000001,0.8835,0.0028834296708376084,0,2,34865152,all_reduce,1,2
748,0.878,0.894,0.8858833333333335,0.886,0.003386697834502252,0,2,34996224,all_reduce,1,2
749,0.88,0.895,0.8866166666666666,0.886,0.0036013500554961677,0,2,35127296,all_reduce,1,2
750,0.883,0.894,0.88885,0.889,0.0028799594904558436,0,2,35258368,all_reduce,1,2
751,0.883,0.9,0.8909166666666668,0.891,0.0030566412212681376,0,2,35389440,all_reduce,1,2
752,0.887,0.903,0.8935333333333334,0.893,0.003427665224156074,0,2,35520512,all_reduce,1,2
753,0.887,0.904,0.8952833333333334,0.8955,0.0037907416454069044,0,2,35651584,all_reduce,1,2
754,0.89,0.909,0.8988166666666668,0.898,0.0040186716987360704,0,2,35782656,all_reduce,1,2
755,0.892,0.908,0.8993999999999999,0.899,0.003706750598570131,0,2,35913728,all_reduce,1,2
756,0.895,0.908,0.9010666666666667,0.901,0.0031773503986113295,0,2,36044800,all_reduce,1,2
757,0.896,0.911,0.9040499999999999,0.904,0.0034805411456649508,0,2,36175872,all_reduce,1,2
758,0.899,0.913,0.9058166666666667,0.9055,0.003422921104683675,0,2,36306944,all_reduce,1,2
759,0.902,0.92,0.9082000000000002,0.908,0.0033852621759621546,0,2,36438016,all_reduce,1,2
760,0.904,0.925,0.9111166666666666,0.91,0.004029440269924462,0,2,36569088,all_reduce,1,2
761,0.906,0.921,0.9136833333333332,0.913,0.003253160856083753,0,2,36700160,all_reduce,1,2
762,0.91,0.926,0.9161333333333332,0.916,0.0035612107803698234,0,2,36831232,all_reduce,1,2
763,0.911,0.927,0.9174333333333333,0.917,0.0031164438423020298,0,2,36962304,all_reduce,1,2
764,0.916,0.929,0.9214166666666667,0.921,0.0029568658332016977,0,2,37093376,all_reduce,1,2
765,0.916,0.93,0.9232666666666667,0.9235,0.003910953279643671,0,2,37224448,all_reduce,1,2
766,0.919,0.9410000000000001,0.9255166666666668,0.9255,0.0038274955548272356,0,2,37355520,all_reduce,1,2
767,0.921,0.9410000000000001,0.9282666666666667,0.928,0.003957552554574892,0,2,37486592,all_reduce,1,2
768,0.924,0.9380000000000001,0.9306166666666668,0.93,0.003821394451709425,0,2,37617664,all_reduce,1,2
769,0.926,0.9420000000000001,0.9322833333333335,0.932,0.002950094160455827,0,2,37748736,all_reduce,1,2
770,0.929,0.9430000000000001,0.9357333333333333,0.936,0.003824773050638288,0,2,37879808,all_reduce,1,2
771,0.931,0.9460000000000001,0.9381,0.9380000000000001,0.003325156637914474,0,2,38010880,all_reduce,1,2
772,0.933,0.9540000000000001,0.9412833333333334,0.9410000000000001,0.004374515846226748,0,2,38141952,all_reduce,1,2
773,0.936,0.9570000000000001,0.9433333333333335,0.9420000000000001,0.004559483401536728,0,2,38273024,all_reduce,1,2
774,0.9390000000000001,0.962,0.9459833333333335,0.9450000000000001,0.004080407114764677,0,2,38404096,all_reduce,1,2
775,0.9410000000000001,0.962,0.9491166666666667,0.9480000000000001,0.00487200050173323,0,2,38535168,all_reduce,1,2
776,0.9430000000000001,0.962,0.9510500000000001,0.9510000000000001,0.003844584936418146,0,2,38666240,all_reduce,1,2
777,0.9460000000000001,0.967,0.9531166666666666,0.9530000000000001,0.0045095885498445155,0,2,38797312,all_reduce,1,2
778,0.9450000000000001,0.965,0.9567,0.9565000000000001,0.004042688874169398,0,2,38928384,all_reduce,1,2
779,0.9480000000000001,0.973,0.9584333333333334,0.9580000000000001,0.004454835076134158,0,2,39059456,all_reduce,1,2
780,0.9520000000000001,0.977,0.9620833333333335,0.9615,0.004409428030431528,0,2,39190528,all_reduce,1,2
781,0.9560000000000001,0.976,0.9636166666666667,0.9635,0.0042547685666267905,0,2,39321600,all_reduce,1,2
782,0.96,0.977,0.9671333333333333,0.967,0.003930507459462317,0,2,39452672,all_reduce,1,2
783,0.96,0.981,0.9698333333333333,0.97,0.0041439380089743445,0,2,39583744,all_reduce,1,2
784,0.965,0.986,0.9732833333333332,0.973,0.004054181654648558,0,2,39714816,all_reduce,1,2
785,0.968,0.989,0.9759166666666665,0.975,0.00433317307395965,0,2,39845888,all_reduce,1,2
786,0.97,0.992,0.9785333333333333,0.978,0.004145144415122621,0,2,39976960,all_reduce,1,2
787,0.974,0.995,0.9818666666666667,0.981,0.004436465059281123,0,2,40108032,all_reduce,1,2
788,0.975,0.996,0.9852166666666666,0.984,0.004701388683735434,0,2,40239104,all_reduce,1,2
789,0.98,0.996,0.9874833333333334,0.9864999999999999,0.004039355009019251,0,2,40370176,all_reduce,1,2
790,0.981,1.002,0.9894,0.989,0.0038349272048719117,0,2,40501248,all_reduce,1,2
791,0.985,1.002,0.9933333333333335,0.993,0.003960920207336793,0,2,40632320,all_reduce,1,2
792,0.985,1.006,0.9949666666666667,0.995,0.004139108868128776,0,2,40763392,all_reduce,1,2
793,0.99,1.008,0.9972333333333333,0.997,0.004096204204979169,0,2,40894464,all_reduce,1,2
794,0.99,1.0110000000000001,1.0006333333333333,1.0,0.004041314417639692,0,2,41025536,all_reduce,1,2
795,0.995,1.012,1.0033333333333334,1.0030000000000001,0.0037932688922470248,0,2,41156608,all_reduce,1,2
796,0.996,1.014,1.0065166666666665,1.006,0.0036764641830009637,0,2,41287680,all_reduce,1,2
797,0.998,1.0210000000000001,1.0088166666666667,1.0090000000000001,0.004473967913260999,0,2,41418752,all_reduce,1,2
798,1.0030000000000001,1.0230000000000001,1.0124333333333335,1.0125000000000002,0.0042597600349732895,0,2,41549824,all_reduce,1,2
799,1.0050000000000001,1.027,1.0145833333333334,1.0150000000000001,0.004271189009579821,0,2,41680896,all_reduce,1,2
800,1.0070000000000001,1.025,1.0172666666666668,1.0170000000000001,0.0041707979518978535,0,2,41811968,all_reduce,1,2
801,1.012,1.03,1.0202833333333334,1.0210000000000001,0.004012861267917878,0,2,41943040,all_reduce,1,2
802,1.0130000000000001,1.034,1.0232500000000002,1.0235,0.003985912693474304,0,2,42074112,all_reduce,1,2
803,1.0150000000000001,1.037,1.0249833333333336,1.024,0.004566149605764339,0,2,42205184,all_reduce,1,2
804,1.02,1.038,1.0286666666666666,1.028,0.004372896319628671,0,2,42336256,all_reduce,1,2
805,1.022,1.042,1.0317666666666667,1.033,0.0040553120170407925,0,2,42467328,all_reduce,1,2
806,1.025,1.046,1.0349,1.035,0.004213866000084346,0,2,42598400,all_reduce,1,2
807,1.026,1.049,1.037783333333333,1.0385,0.004397316100633301,0,2,42729472,all_reduce,1,2
808,1.03,1.049,1.0408,1.0405,0.003785058343892035,0,2,42860544,all_reduce,1,2
809,1.034,1.057,1.0422666666666665,1.042,0.004198677040317438,0,2,42991616,all_reduce,1,2
810,1.035,1.055,1.04405,1.044,0.0039641098202076305,0,2,43122688,all_reduce,1,2
811,1.038,1.057,1.0484,1.049,0.003873843913565267,0,2,43253760,all_reduce,1,2
812,1.038,1.059,1.0504166666666666,1.051,0.004095899033043777,0,2,43384832,all_reduce,1,2
813,1.041,1.062,1.054,1.055,0.004412104562073151,0,2,43515904,all_reduce,1,2
814,1.046,1.066,1.0574,1.058,0.004557777236036597,0,2,43646976,all_reduce,1,2
815,1.048,1.068,1.0590166666666667,1.058,0.004299192430626423,0,2,43778048,all_reduce,1,2
816,1.053,1.071,1.0622666666666667,1.062,0.00408193853729112,0,2,43909120,all_reduce,1,2
817,1.053,1.074,1.0646166666666665,1.065,0.003945848732810509,0,2,44040192,all_reduce,1,2
818,1.056,1.079,1.0679666666666667,1.068,0.004795715680572483,0,2,44171264,all_reduce,1,2
819,1.06,1.08,1.0714,1.071,0.004352011029397797,0,2,44302336,all_reduce,1,2
820,1.065,1.083,1.0740833333333335,1.074,0.0038047849990359432,0,2,44433408,all_reduce,1,2
821,1.067,1.087,1.0779166666666666,1.078,0.004083673455222507,0,2,44564480,all_reduce,1,2
822,1.072,1.09,1.0797333333333334,1.08,0.0041346772008895175,0,2,44695552,all_reduce,1,2
823,1.073,1.09,1.0827,1.083,0.004087786687193942,0,2,44826624,all_reduce,1,2
824,1.076,1.093,1.085116666666667,1.085,0.003928917012217095,0,2,44957696,all_reduce,1,2
825,1.078,1.096,1.0878499999999998,1.088,0.003902242944769074,0,2,45088768,all_reduce,1,2
826,1.081,1.099,1.08955,1.089,0.003921840554297605,0,2,45219840,all_reduce,1,2
827,1.081,1.103,1.0943166666666668,1.094,0.004353127866514176,0,2,45350912,all_reduce,1,2
828,1.086,1.104,1.0962833333333333,1.0965,0.0037331473167943672,0,2,45481984,all_reduce,1,2
829,1.083,1.109,1.0988,1.0985,0.004308131845707609,0,2,45613056,all_reduce,1,2
830,1.094,1.107,1.1019666666666665,1.102,0.0031778749013906846,0,2,45744128,all_reduce,1,2
831,1.089,1.113,1.1037666666666666,1.1045,0.005083852432511745,0,2,45875200,all_reduce,1,2
832,1.097,1.116,1.1070833333333332,1.107,0.004458294392353313,0,2,46006272,all_reduce,1,2
833,1.097,1.122,1.1101,1.1105,0.0046104952734675655,0,2,46137344,all_reduce,1,2
834,1.102,1.124,1.1140333333333332,1.114,0.00450542882408422,0,2,46268416,all_reduce,1,2
835,1.108,1.1260000000000001,1.116266666666667,1.116,0.0038767110917489046,0,2,46399488,all_reduce,1,2
836,1.106,1.129,1.1201833333333335,1.12,0.004634981721167361,0,2,46530560,all_reduce,1,2
837,1.116,1.1320000000000001,1.1224666666666667,1.122,0.0035330188539296334,0,2,46661632,all_reduce,1,2
838,1.113,1.1320000000000001,1.1246166666666668,1.125,0.0041396121664823825,0,2,46792704,all_reduce,1,2
839,1.121,1.1400000000000001,1.1288000000000002,1.129,0.004024094100954081,0,2,46923776,all_reduce,1,2
840,1.118,1.1400000000000001,1.130666666666667,1.131,0.004563137322306033,0,2,47054848,all_reduce,1,2
841,1.123,1.1420000000000001,1.1347166666666668,1.1355,0.004912879897665828,0,2,47185920,all_reduce,1,2
842,1.125,1.149,1.1372333333333335,1.137,0.004216501973068308,0,2,47316992,all_reduce,1,2
843,1.129,1.1500000000000001,1.1401500000000004,1.141,0.004753332164562739,0,2,47448064,all_reduce,1,2
844,1.1340000000000001,1.153,1.1430833333333335,1.143,0.004200363740862871,0,2,47579136,all_reduce,1,2
845,1.1340000000000001,1.154,1.1458833333333336,1.1460000000000001,0.004363071038716734,0,2,47710208,all_reduce,1,2
846,1.1320000000000001,1.158,1.1482333333333337,1.1500000000000001,0.00547225324300286,0,2,47841280,all_reduce,1,2
847,1.139,1.161,1.1512666666666669,1.1520000000000001,0.00498620318701735,0,2,47972352,all_reduce,1,2
848,1.1400000000000001,1.164,1.1532000000000002,1.1535,0.004805552344250655,0,2,48103424,all_reduce,1,2
849,1.1440000000000001,1.168,1.1573833333333334,1.157,0.004785713693437513,0,2,48234496,all_reduce,1,2
850,1.147,1.171,1.160366666666667,1.161,0.004509126547594595,0,2,48365568,all_reduce,1,2
851,1.143,1.175,1.1620000000000001,1.162,0.005253570214625472,0,2,48496640,all_reduce,1,2
852,1.153,1.174,1.1638833333333334,1.164,0.0042035368705677124,0,2,48627712,all_reduce,1,2
853,1.161,1.176,1.1696,1.171,0.003971565602295059,0,2,48758784,all_reduce,1,2
854,1.156,1.182,1.1709,1.171,0.005201602317235207,0,2,48889856,all_reduce,1,2
855,1.163,1.187,1.1747833333333333,1.175,0.004262595714142053,0,2,49020928,all_reduce,1,2
856,1.162,1.192,1.1767833333333335,1.177,0.0051739464842827845,0,2,49152000,all_reduce,1,2
857,1.171,1.19,1.18015,1.18,0.004369687250441008,0,2,49283072,all_reduce,1,2
858,1.164,1.193,1.1825666666666668,1.183,0.0053428040910701285,0,2,49414144,all_reduce,1,2
859,1.176,1.198,1.18665,1.187,0.005603049764785845,0,2,49545216,all_reduce,1,2
860,1.172,1.197,1.1878666666666668,1.1885,0.005047991899975899,0,2,49676288,all_reduce,1,2
861,1.183,1.201,1.1925666666666666,1.193,0.004652478431498148,0,2,49807360,all_reduce,1,2
862,1.184,1.208,1.1948666666666665,1.195,0.005364906543661527,0,2,49938432,all_reduce,1,2
863,1.189,1.212,1.1993833333333335,1.2,0.0048134937646393886,0,2,50069504,all_reduce,1,2
864,1.191,1.215,1.20105,1.2,0.00486629564795783,0,2,50200576,all_reduce,1,2
865,1.191,1.214,1.20265,1.202,0.005169864601708627,0,2,50331648,all_reduce,1,2
866,1.241,1.264,1.2490166666666664,1.2485,0.004010368506204323,0,2,50462720,all_reduce,1,2
867,1.242,1.2610000000000001,1.2508000000000004,1.2505000000000002,0.003623074201098666,0,2,50593792,all_reduce,1,2
868,1.246,1.268,1.2554000000000003,1.2550000000000001,0.0042434262885864766,0,2,50724864,all_reduce,1,2
869,1.239,1.268,1.2567833333333336,1.258,0.0050003055462197075,0,2,50855936,all_reduce,1,2
870,1.249,1.2670000000000001,1.2581,1.258,0.004077172222672634,0,2,50987008,all_reduce,1,2
871,1.244,1.2690000000000001,1.2603666666666669,1.2615,0.00516064164830521,0,2,51118080,all_reduce,1,2
872,1.252,1.274,1.263383333333333,1.264,0.0040294402699244565,0,2,51249152,all_reduce,1,2
873,1.254,1.2730000000000001,1.2651,1.266,0.004081257976000396,0,2,51380224,all_reduce,1,2
874,1.26,1.2790000000000001,1.269066666666667,1.2690000000000001,0.00425780329382288,0,2,51511296,all_reduce,1,2
875,1.26,1.281,1.2703666666666669,1.27,0.004381653670577903,0,2,51642368,all_reduce,1,2
876,1.26,1.282,1.2712166666666669,1.2710000000000001,0.004872000501733229,0,2,51773440,all_reduce,1,2
877,1.26,1.286,1.2731333333333335,1.2730000000000001,0.0044402202147591245,0,2,51904512,all_reduce,1,2
878,1.2610000000000001,1.285,1.2744000000000002,1.274,0.0046050696701208016,0,2,52035584,all_reduce,1,2
879,1.27,1.286,1.2771833333333336,1.2775,0.004205122537519596,0,2,52166656,all_reduce,1,2
880,1.266,1.291,1.27885,1.2790000000000001,0.004523365266406531,0,2,52297728,all_reduce,1,2
881,1.2670000000000001,1.293,1.2798166666666666,1.28,0.004907448986546378,0,2,52428800,all_reduce,1,2
882,1.2730000000000001,1.297,1.28395,1.284,0.00530542175514817,0,2,52559872,all_reduce,1,2
883,1.27,1.298,1.2855999999999999,1.286,0.004435463147556667,0,2,52690944,all_reduce,1,2
884,1.2770000000000001,1.305,1.2895666666666663,1.29,0.005438647707738451,0,2,52822016,all_reduce,1,2
885,1.2770000000000001,1.302,1.2894166666666667,1.289,0.005148759289598037,0,2,52953088,all_reduce,1,2
886,1.283,1.3,1.2917833333333335,1.292,0.0045463966195463355,0,2,53084160,all_reduce,1,2
887,1.283,1.308,1.2938333333333332,1.294,0.005357756578602232,0,2,53215232,all_reduce,1,2
888,1.289,1.306,1.2970666666666668,1.297,0.003965966324729554,0,2,53346304,all_reduce,1,2
889,1.289,1.309,1.2988166666666667,1.299,0.0044553027082592615,0,2,53477376,all_reduce,1,2
890,1.29,1.314,1.3022,1.302,0.0053690470911202355,0,2,53608448,all_reduce,1,2
891,1.291,1.316,1.304366666666667,1.304,0.004874992877487689,0,2,53739520,all_reduce,1,2
892,1.293,1.316,1.3064666666666669,1.307,0.004984865985048048,0,2,53870592,all_reduce,1,2
893,1.294,1.318,1.3087333333333335,1.309,0.005052612085732386,0,2,54001664,all_reduce,1,2
894,1.29,1.32,1.3104166666666666,1.311,0.005379875050180584,0,2,54132736,all_reduce,1,2
895,1.303,1.333,1.3134666666666666,1.313,0.005139606556493962,0,2,54263808,all_reduce,1,2
896,1.301,1.327,1.3141,1.314,0.005497575223071848,0,2,54394880,all_reduce,1,2
897,1.307,1.33,1.3186666666666664,1.319,0.004972144630058775,0,2,54525952,all_reduce,1,2
898,1.308,1.331,1.3196333333333332,1.32,0.005579625634594325,0,2,54657024,all_reduce,1,2
899,1.305,1.337,1.32245,1.323,0.006259459508083225,0,2,54788096,all_reduce,1,2
900,1.315,1.341,1.3248499999999999,1.325,0.004898384087295184,0,2,54919168,all_reduce,1,2
901,1.315,1.339,1.3280333333333332,1.328,0.0058022026468881405,0,2,55050240,all_reduce,1,2
902,1.317,1.342,1.3303499999999997,1.331,0.005915586755907374,0,2,55181312,all_reduce,1,2
903,1.318,1.346,1.3313666666666668,1.3315000000000001,0.005650860308149742,0,2,55312384,all_reduce,1,2
904,1.32,1.348,1.3342166666666664,1.334,0.005492697171902184,0,2,55443456,all_reduce,1,2
905,1.325,1.35,1.3377000000000003,1.338,0.005846081308591821,0,2,55574528,all_reduce,1,2
906,1.329,1.359,1.340483333333333,1.341,0.006312663639243123,0,2,55705600,all_reduce,1,2
907,1.325,1.355,1.3423666666666665,1.341,0.00597206459740312,0,2,55836672,all_reduce,1,2
908,1.33,1.358,1.3448,1.346,0.005767148342118493,0,2,55967744,all_reduce,1,2
909,1.334,1.357,1.3480333333333334,1.348,0.005183199355181659,0,2,56098816,all_reduce,1,2
910,1.341,1.366,1.3502,1.349,0.005870264048575683,0,2,56229888,all_reduce,1,2
911,1.338,1.364,1.3529000000000002,1.3535,0.006660080079598655,0,2,56360960,all_reduce,1,2
912,1.345,1.474,1.3647,1.357,0.02764917117504006,0,2,56492032,all_reduce,1,2
913,1.341,1.372,1.3552333333333337,1.354,0.006522695421032295,0,2,56623104,all_reduce,1,2
914,1.348,1.373,1.3616500000000002,1.361,0.0053379927563332865,0,2,56754176,all_reduce,1,2
915,1.35,1.377,1.3649166666666668,1.364,0.006116348765580834,0,2,56885248,all_reduce,1,2
916,1.348,1.377,1.3651666666666666,1.366,0.006621094236520802,0,2,57016320,all_reduce,1,2
917,1.349,1.3860000000000001,1.3685166666666668,1.368,0.006647033590674543,0,2,57147392,all_reduce,1,2
918,1.357,1.3860000000000001,1.3722333333333334,1.372,0.006512466677244691,0,2,57278464,all_reduce,1,2
919,1.363,1.391,1.3743833333333333,1.3735,0.006745595270660386,0,2,57409536,all_reduce,1,2
920,1.363,1.391,1.3775666666666666,1.3780000000000001,0.005823420148179444,0,2,57540608,all_reduce,1,2
921,1.359,1.391,1.3786833333333333,1.379,0.006726791376445566,0,2,57671680,all_reduce,1,2
922,1.365,1.397,1.38295,1.383,0.005757386559889822,0,2,57802752,all_reduce,1,2
923,1.365,1.4020000000000001,1.3850500000000001,1.3860000000000001,0.007594789880788912,0,2,57933824,all_reduce,1,2
924,1.373,1.401,1.38615,1.3860000000000001,0.006329362790465844,0,2,58064896,all_reduce,1,2
925,1.372,1.403,1.3891,1.3880000000000001,0.006190584248141163,0,2,58195968,all_reduce,1,2
926,1.377,1.407,1.391716666666667,1.3920000000000001,0.006846146523572383,0,2,58327040,all_reduce,1,2
927,1.3760000000000001,1.405,1.3909166666666668,1.3905,0.005992472129448932,0,2,58458112,all_reduce,1,2
928,1.381,1.41,1.3947000000000005,1.395,0.006694027188471805,0,2,58589184,all_reduce,1,2
929,1.385,1.408,1.3984500000000004,1.399,0.0058293081350477075,0,2,58720256,all_reduce,1,2
930,1.385,1.414,1.4005666666666665,1.401,0.005248385995289927,0,2,58851328,all_reduce,1,2
931,1.391,1.417,1.4038666666666668,1.4040000000000001,0.006280835047100701,0,2,58982400,all_reduce,1,2
932,1.393,1.422,1.406416666666667,1.4060000000000001,0.006870933140572805,0,2,59113472,all_reduce,1,2
933,1.3900000000000001,1.431,1.4126,1.413,0.0074346037778305835,0,2,59244544,all_reduce,1,2
934,1.395,1.429,1.4126000000000003,1.412,0.007162867209900398,0,2,59375616,all_reduce,1,2
935,1.405,1.427,1.4162333333333335,1.416,0.004913812731022173,0,2,59506688,all_reduce,1,2
936,1.4040000000000001,1.431,1.4182833333333338,1.418,0.006356339792329814,0,2,59637760,all_reduce,1,2
937,1.4040000000000001,1.439,1.4197333333333333,1.42,0.00711539801338539,0,2,59768832,all_reduce,1,2
938,1.41,1.441,1.423316666666667,1.4215,0.007572959937978181,0,2,59899904,all_reduce,1,2
939,1.413,1.44,1.4252500000000003,1.4255,0.006021143302286253,0,2,60030976,all_reduce,1,2
940,1.409,1.446,1.4283666666666666,1.429,0.0074542307152083535,0,2,60162048,all_reduce,1,2
941,1.415,1.447,1.4307,1.431,0.007387602227155079,0,2,60293120,all_reduce,1,2
942,1.418,1.447,1.43315,1.434,0.007341264650362815,0,2,60424192,all_reduce,1,2
943,1.423,1.456,1.437666666666667,1.4375,0.007184860626499471,0,2,60555264,all_reduce,1,2
944,1.425,1.454,1.4410166666666664,1.441,0.007482182539577317,0,2,60686336,all_reduce,1,2
945,1.427,1.461,1.4427999999999996,1.442,0.007619711280619503,0,2,60817408,all_reduce,1,2
946,1.431,1.457,1.4445166666666664,1.445,0.00573437490538903,0,2,60948480,all_reduce,1,2
947,1.433,1.47,1.4489833333333333,1.449,0.00751773828281412,0,2,61079552,all_reduce,1,2
948,1.438,1.472,1.4514333333333331,1.45,0.0074327354019604235,0,2,61210624,all_reduce,1,2
949,1.433,1.467,1.4529999999999996,1.4525000000000001,0.007011894655987548,0,2,61341696,all_reduce,1,2
950,1.44,1.478,1.4569333333333332,1.456,0.008055777774712735,0,2,61472768,all_reduce,1,2
951,1.439,1.478,1.4589333333333334,1.459,0.008262095510354645,0,2,61603840,all_reduce,1,2
952,1.443,1.482,1.46145,1.46,0.00865337121203831,0,2,61734912,all_reduce,1,2
953,1.448,1.484,1.463683333333333,1.462,0.008170050319442502,0,2,61865984,all_reduce,1,2
954,1.451,1.481,1.4671833333333335,1.4675,0.007502203380044808,0,2,61997056,all_reduce,1,2
955,1.452,1.486,1.4701333333333333,1.469,0.007493256227361307,0,2,62128128,all_reduce,1,2
956,1.456,1.489,1.472883333333333,1.473,0.006537307464766288,0,2,62259200,all_reduce,1,2
957,1.456,1.489,1.4742,1.475,0.006862458257310823,0,2,62390272,all_reduce,1,2
958,1.46,1.492,1.4767,1.477,0.0076404624641880576,0,2,62521344,all_reduce,1,2
959,1.463,1.496,1.4801,1.481,0.008009785681693787,0,2,62652416,all_reduce,1,2
960,1.465,1.498,1.48295,1.483,0.007144753319744489,0,2,62783488,all_reduce,1,2
961,1.474,1.502,1.4879833333333332,1.487,0.006689523318011697,0,2,62914560,all_reduce,1,2
962,1.477,1.5090000000000001,1.4902,1.489,0.007558218484978243,0,2,63045632,all_reduce,1,2
963,1.469,1.5150000000000001,1.4916000000000003,1.4905,0.009724882175807255,0,2,63176704,all_reduce,1,2
964,1.472,1.516,1.4938666666666667,1.493,0.0088815664284079,0,2,63307776,all_reduce,1,2
965,1.475,1.5150000000000001,1.49645,1.496,0.00800088536767442,0,2,63438848,all_reduce,1,2
966,1.485,1.5190000000000001,1.5004333333333337,1.5015,0.007452889074416428,0,2,63569920,all_reduce,1,2
967,1.488,1.526,1.5041833333333334,1.5030000000000001,0.008770198908171293,0,2,63700992,all_reduce,1,2
968,1.487,1.5190000000000001,1.50365,1.5035,0.00879550074375152,0,2,63832064,all_reduce,1,2
969,1.49,1.5350000000000001,1.5077333333333338,1.508,0.010292176100751926,0,2,63963136,all_reduce,1,2
970,1.491,1.532,1.5100833333333334,1.51,0.008248821464643029,0,2,64094208,all_reduce,1,2
971,1.5010000000000001,1.534,1.5148833333333336,1.5150000000000001,0.007626907775909067,0,2,64225280,all_reduce,1,2
972,1.5,1.539,1.5168666666666668,1.5170000000000001,0.009035977472796674,0,2,64356352,all_reduce,1,2
973,1.5010000000000001,1.547,1.5182333333333335,1.518,0.007836595065602284,0,2,64487424,all_reduce,1,2
974,1.496,1.544,1.5204833333333334,1.5205000000000002,0.008458706888302865,0,2,64618496,all_reduce,1,2
975,1.506,1.548,1.5242333333333336,1.5230000000000001,0.008452547282065657,0,2,64749568,all_reduce,1,2
976,1.512,1.551,1.5250833333333333,1.5230000000000001,0.008884990464573115,0,2,64880640,all_reduce,1,2
977,1.5110000000000001,1.55,1.5273666666666668,1.5275,0.009525346304582412,0,2,65011712,all_reduce,1,2
978,1.5090000000000001,1.548,1.5291833333333336,1.53,0.008085978948498157,0,2,65142784,all_reduce,1,2
979,1.5050000000000001,1.556,1.5321500000000003,1.5315,0.009403589740093907,0,2,65273856,all_reduce,1,2
980,1.5190000000000001,1.561,1.5344500000000003,1.534,0.009999041620742095,0,2,65404928,all_reduce,1,2
981,1.5230000000000001,1.558,1.5378833333333335,1.537,0.008951893033816266,0,2,65536000,all_reduce,1,2
982,1.5230000000000001,1.56,1.5397666666666665,1.5385,0.010105059238926867,0,2,65667072,all_reduce,1,2
983,1.524,1.565,1.5440666666666667,1.5445,0.010105883874698351,0,2,65798144,all_reduce,1,2
984,1.532,1.56,1.5472333333333335,1.5474999999999999,0.0076992784654724995,0,2,65929216,all_reduce,1,2
985,1.534,1.573,1.5516,1.5514999999999999,0.009558939969124904,0,2,66060288,all_reduce,1,2
986,1.538,1.571,1.5541333333333334,1.553,0.00934427929567367,0,2,66191360,all_reduce,1,2
987,1.538,1.573,1.556933333333333,1.5575,0.009093709669631841,0,2,66322432,all_reduce,1,2
988,1.543,1.581,1.5612,1.5605,0.008526038548665706,0,2,66453504,all_reduce,1,2
989,1.54,1.579,1.5611833333333334,1.563,0.009543744315286097,0,2,66584576,all_reduce,1,2
990,1.538,1.587,1.5637500000000002,1.564,0.009940866830077411,0,2,66715648,all_reduce,1,2
991,1.546,1.585,1.5673333333333332,1.568,0.008655762370942389,0,2,66846720,all_reduce,1,2
992,1.554,1.591,1.5707166666666663,1.5705,0.008929523441309102,0,2,66977792,all_reduce,1,2
993,1.554,1.599,1.5725333333333333,1.572,0.009675513193394736,0,2,67108864,all_reduce,1,2
994,0.006,0.034,0.007933333333333334,0.006,0.005960611452601896,0,2,2048,all_reduce,2,2
995,0.006,0.035,0.011150000000000002,0.007,0.008459363648249988,0,2,10240,all_reduce,2,2
996,0.007,0.036000000000000004,0.009850000000000001,0.007,0.007573693506693635,0,2,18432,all_reduce,2,2
997,0.007,0.033,0.008583333333333333,0.007,0.005333203123410505,0,2,26624,all_reduce,2,2
998,0.007,0.028,0.00795,0.007,0.003432321857479763,0,2,34816,all_reduce,2,2
999,0.007,0.053,0.024783333333333334,0.0325,0.016411471259118997,0,2,43008,all_reduce,2,2
1000,0.007,0.07100000000000001,0.037166666666666674,0.0465,0.018718232347693042,0,2,51200,all_reduce,2,2
1001,0.007,0.033,0.008216666666666669,0.007,0.004672942209025154,0,2,59392,all_reduce,2,2
1002,0.007,0.028,0.007733333333333334,0.007,0.0033608861265379928,0,2,67584,all_reduce,2,2
1003,0.007,0.032,0.008816666666666667,0.007,0.005962358780065338,0,2,75776,all_reduce,2,2
1004,0.007,0.031,0.008166666666666668,0.007,0.004348051926501747,0,2,83968,all_reduce,2,2
1005,0.007,0.037,0.010416666666666668,0.007,0.008599014801449964,0,2,92160,all_reduce,2,2
1006,0.007,0.031,0.00865,0.007,0.004746314359584709,0,2,100352,all_reduce,2,2
1007,0.007,0.031,0.009250000000000001,0.007,0.0058012211358184455,0,2,108544,all_reduce,2,2
1008,0.007,0.04,0.016633333333333337,0.007,0.012620045782625182,0,2,116736,all_reduce,2,2
1009,0.007,0.034,0.009866666666666668,0.007,0.007105084251592111,0,2,124928,all_reduce,2,2
1010,0.007,0.029,0.00871666666666667,0.007,0.005313792326473523,0,2,133120,all_reduce,2,2
1011,0.007,0.038,0.01195,0.007,0.00979527947533913,0,2,141312,all_reduce,2,2
1012,0.007,0.035,0.010316666666666668,0.007,0.006296802539561029,0,2,149504,all_reduce,2,2
1013,0.007,0.033,0.012283333333333335,0.007,0.00791010254182727,0,2,157696,all_reduce,2,2
1014,0.007,0.036000000000000004,0.010166666666666668,0.007,0.006351290332592968,0,2,165888,all_reduce,2,2
1015,0.007,0.034,0.010833333333333335,0.007,0.007672823614695064,0,2,174080,all_reduce,2,2
1016,0.007,0.033,0.010450000000000003,0.007,0.006507495678062338,0,2,182272,all_reduce,2,2
1017,0.007,0.033,0.0114,0.007,0.007603069555558903,0,2,190464,all_reduce,2,2
1018,0.007,0.036000000000000004,0.010283333333333334,0.007,0.007739706425669876,0,2,198656,all_reduce,2,2
1019,0.007,0.032,0.011250000000000003,0.007,0.007560037477861248,0,2,206848,all_reduce,2,2
1020,0.007,0.03,0.010566666666666669,0.007,0.006532908149429998,0,2,215040,all_reduce,2,2
1021,0.007,0.038,0.011533333333333336,0.007,0.009227615558143333,0,2,223232,all_reduce,2,2
1022,0.007,0.031,0.011983333333333335,0.007,0.007260605270147172,0,2,231424,all_reduce,2,2
1023,0.007,0.033,0.010866666666666669,0.007,0.006919698130859628,0,2,239616,all_reduce,2,2
1024,0.007,0.037,0.011983333333333335,0.007,0.00877209907731452,0,2,247808,all_reduce,2,2
1025,0.007,0.027,0.009883333333333334,0.007,0.0051836012792480695,0,2,256000,all_reduce,2,2
1026,0.007,0.033,0.012866666666666669,0.007,0.008466535432053788,0,2,264192,all_reduce,2,2
1027,0.007,0.034,0.0126,0.009000000000000001,0.007737786074410002,0,2,272384,all_reduce,2,2
1028,0.007,0.036000000000000004,0.010233333333333336,0.007,0.007401276166235718,0,2,280576,all_reduce,2,2
1029,0.007,0.035,0.009783333333333335,0.008,0.006332697336487475,0,2,288768,all_reduce,2,2
1030,0.008,0.033,0.011166666666666668,0.008,0.005953057104453886,0,2,296960,all_reduce,2,2
1031,0.008,0.036000000000000004,0.0114,0.008,0.007116178749862878,0,2,305152,all_reduce,2,2
1032,0.008,0.036000000000000004,0.010983333333333336,0.008,0.006114168427149808,0,2,313344,all_reduce,2,2
1033,0.008,0.033,0.012733333333333336,0.009000000000000001,0.006295148043444959,0,2,321536,all_reduce,2,2
1034,0.008,0.037,0.012883333333333335,0.008,0.00921066712507237,0,2,329728,all_reduce,2,2
1035,0.008,0.031,0.0119,0.008,0.0068012253797875765,0,2,337920,all_reduce,2,2
1036,0.008,0.036000000000000004,0.012866666666666669,0.008,0.008695720531132286,0,2,346112,all_reduce,2,2
1037,0.008,0.037,0.012066666666666668,0.009000000000000001,0.0067004145808715115,0,2,354304,all_reduce,2,2
1038,0.008,0.036000000000000004,0.012833333333333334,0.009000000000000001,0.00751036321062807,0,2,362496,all_reduce,2,2
1039,0.008,0.034,0.012533333333333334,0.008,0.007226033182566736,0,2,370688,all_reduce,2,2
1040,0.008,0.034,0.014066666666666668,0.01,0.00736628958310914,0,2,378880,all_reduce,2,2
1041,0.008,0.034,0.011800000000000001,0.009000000000000001,0.006212353284652551,0,2,387072,all_reduce,2,2
1042,0.009000000000000001,0.035,0.012533333333333336,0.009000000000000001,0.0062435744747878375,0,2,395264,all_reduce,2,2
1043,0.009000000000000001,0.033,0.012833333333333337,0.009000000000000001,0.006372248861709306,0,2,403456,all_reduce,2,2
1044,0.009000000000000001,0.035,0.014083333333333337,0.009000000000000001,0.007443770699196894,0,2,411648,all_reduce,2,2
1045,0.009000000000000001,0.032,0.01401666666666667,0.009000000000000001,0.007126223091901879,0,2,419840,all_reduce,2,2
1046,0.009000000000000001,0.033,0.016483333333333336,0.0125,0.008766397334265782,0,2,428032,all_reduce,2,2
1047,0.009000000000000001,0.036000000000000004,0.015366666666666669,0.009000000000000001,0.009126822496843514,0,2,436224,all_reduce,2,2
1048,0.009000000000000001,0.036000000000000004,0.009816666666666668,0.009000000000000001,0.004421506781881288,0,2,444416,all_reduce,2,2
1049,0.009000000000000001,0.031,0.009700000000000002,0.009000000000000001,0.0037740340927624565,0,2,452608,all_reduce,2,2
1050,0.009000000000000001,0.037,0.010333333333333335,0.009000000000000001,0.005815687596683837,0,2,460800,all_reduce,2,2
1051,0.009000000000000001,0.036000000000000004,0.010283333333333335,0.009000000000000001,0.005609788072843949,0,2,468992,all_reduce,2,2
1052,0.009000000000000001,0.009000000000000001,0.009000000000000001,0.009000000000000001,0.0,0,2,477184,all_reduce,2,2
1053,0.009000000000000001,0.037,0.0099,0.009000000000000001,0.004850085909892043,0,2,485376,all_reduce,2,2
1054,0.01,0.03,0.010666666666666668,0.01,0.0034189017079888223,0,2,493568,all_reduce,2,2
1055,0.01,0.03,0.01065,0.01,0.0035015472770381566,0,2,501760,all_reduce,2,2
1056,0.01,0.018000000000000002,0.010233333333333336,0.01,0.001269733130316061,0,2,509952,all_reduce,2,2
1057,0.01,0.01,0.010000000000000002,0.01,1.734723475976807e-18,0,2,518144,all_reduce,2,2
1058,0.01,0.014,0.010066666666666668,0.01,0.0005120763831912407,0,2,526336,all_reduce,2,2
1059,0.01,0.037,0.015683333333333334,0.01,0.009915462111716676,0,2,534528,all_reduce,2,2
1060,0.01,0.034,0.010400000000000001,0.01,0.0030724582991474444,0,2,542720,all_reduce,2,2
1061,0.01,0.031,0.010350000000000002,0.01,0.0026884010117540122,0,2,550912,all_reduce,2,2
1062,0.01,0.036000000000000004,0.010850000000000002,0.01,0.004578300266838484,0,2,559104,all_reduce,2,2
1063,0.01,0.035,0.010816666666666667,0.01,0.004398831915659228,0,2,567296,all_reduce,2,2
1064,0.01,0.01,0.010000000000000002,0.01,1.734723475976807e-18,0,2,575488,all_reduce,2,2
1065,0.01,0.045,0.014916666666666667,0.01,0.010050359308115417,0,2,583680,all_reduce,2,2
1066,0.01,0.038,0.01145,0.01,0.0057862624666820415,0,2,591872,all_reduce,2,2
1067,0.01,0.03,0.010350000000000002,0.01,0.0025614123708089897,0,2,600064,all_reduce,2,2
1068,0.01,0.037,0.01608333333333333,0.01,0.010320354752731237,0,2,608256,all_reduce,2,2
1069,0.01,0.035,0.012333333333333333,0.01,0.00637355648144913,0,2,616448,all_reduce,2,2
1070,0.01,0.035,0.011416666666666667,0.01,0.004768967975941499,0,2,624640,all_reduce,2,2
1071,0.01,0.035,0.014699999999999998,0.011,0.008602906485601249,0,2,632832,all_reduce,2,2
1072,0.01,0.011,0.010766666666666666,0.011,0.00042295258468165036,0,2,641024,all_reduce,2,2
1073,0.01,0.011,0.010866666666666665,0.011,0.0003399346342395187,0,2,649216,all_reduce,2,2
1074,0.01,0.046,0.01733333333333333,0.011,0.010853058964590993,0,2,657408,all_reduce,2,2
1075,0.01,0.03,0.010666666666666668,0.01,0.003590109871423002,0,2,665600,all_reduce,2,2
1076,0.01,0.036000000000000004,0.010433333333333334,0.01,0.0033284964907430627,0,2,673792,all_reduce,2,2
1077,0.01,0.038,0.016866666666666665,0.01,0.010980993681002747,0,2,681984,all_reduce,2,2
1078,0.011,0.031,0.012216666666666666,0.012,0.003430702875829124,0,2,690176,all_reduce,2,2
1079,0.011,0.012,0.011633333333333332,0.012,0.00048189440982669907,0,2,698368,all_reduce,2,2
1080,0.011,0.037,0.014766666666666668,0.012,0.007904358853752081,0,2,706560,all_reduce,2,2
1081,0.011,0.036000000000000004,0.013283333333333334,0.012,0.005351297869572286,0,2,714752,all_reduce,2,2
1082,0.012,0.031,0.0129,0.012,0.003927255190757704,0,2,722944,all_reduce,2,2
1083,0.012,0.037,0.0125,0.012,0.0032532035493238556,0,2,731136,all_reduce,2,2
1084,0.012,0.038,0.013716666666666665,0.012,0.005944441848389877,0,2,739328,all_reduce,2,2
1085,0.012,0.032,0.012566666666666667,0.012,0.0031003584022209793,0,2,747520,all_reduce,2,2
1086,0.011,0.032,0.012016666666666667,0.011,0.00443655897690491,0,2,755712,all_reduce,2,2
1087,0.011,0.032,0.011966666666666665,0.011,0.004004025751942939,0,2,763904,all_reduce,2,2
1088,0.011,0.011,0.011,0.011,0.0,0,2,772096,all_reduce,2,2
1089,0.011,0.031,0.011333333333333332,0.011,0.002560381915956202,0,2,780288,all_reduce,2,2
1090,0.012,0.036000000000000004,0.013383333333333332,0.012,0.005276020175178342,0,2,788480,all_reduce,2,2
1091,0.012,0.031,0.012316666666666667,0.012,0.002432362820158393,0,2,796672,all_reduce,2,2
1092,0.012,0.034,0.012666666666666666,0.012,0.0036086316273931623,0,2,804864,all_reduce,2,2
1093,0.012,0.033,0.01235,0.012,0.0026884010117540127,0,2,813056,all_reduce,2,2
1094,0.012,0.013000000000000001,0.012016666666666667,0.012,0.00012801909579781027,0,2,821248,all_reduce,2,2
1095,0.012,0.032,0.013366666666666667,0.012,0.004622288995244191,0,2,829440,all_reduce,2,2
1096,0.012,0.037,0.024033333333333337,0.023,0.010570346362452947,0,2,837632,all_reduce,2,2
1097,0.012,0.048,0.016616666666666665,0.012,0.009373885118893992,0,2,845824,all_reduce,2,2
1098,0.012,0.034,0.013066666666666667,0.012,0.0042460439103816265,0,2,854016,all_reduce,2,2
1099,0.02,0.037,0.0274,0.025500000000000002,0.007373827590426382,0,2,862208,all_reduce,2,2
1100,0.02,0.025,0.020100000000000003,0.02,0.0006506407098647715,0,2,870400,all_reduce,2,2
1101,0.02,0.022,0.020033333333333337,0.02,0.00025603819159562006,0,2,878592,all_reduce,2,2
1102,0.021,0.048,0.02216666666666666,0.021,0.004543004390146337,0,2,886784,all_reduce,2,2
1103,0.021,0.036000000000000004,0.02124999999999999,0.021,0.0019202864369671528,0,2,894976,all_reduce,2,2
1104,0.021,0.037,0.021399999999999992,0.021,0.00227449628123093,0,2,903168,all_reduce,2,2
1105,0.021,0.032,0.021349999999999994,0.021,0.0018870170463812278,0,2,911360,all_reduce,2,2
1106,0.021,0.033,0.021333333333333326,0.021,0.0018318175552045448,0,2,919552,all_reduce,2,2
1107,0.021,0.035,0.021899999999999992,0.021,0.0033050466461660316,0,2,927744,all_reduce,2,2
1108,0.021,0.036000000000000004,0.02124999999999999,0.021,0.0019202864369671528,0,2,935936,all_reduce,2,2
1109,0.021,0.036000000000000004,0.021883333333333328,0.021,0.003337122845939132,0,2,944128,all_reduce,2,2
1110,0.02,0.033,0.0205,0.02,0.0016881943016134136,0,2,952320,all_reduce,2,2
1111,0.02,0.037,0.020866666666666665,0.02,0.0028252826800556114,0,2,960512,all_reduce,2,2
1112,0.02,0.033,0.02075,0.02,0.002474031797154866,0,2,968704,all_reduce,2,2
1113,0.02,0.021,0.02016666666666667,0.02,0.0003726779962499653,0,2,976896,all_reduce,2,2
1114,0.021,0.037,0.022199999999999998,0.0215,0.003081125335544358,0,2,985088,all_reduce,2,2
1115,0.021,0.022,0.02133333333333333,0.021,0.0004714045207910304,0,2,993280,all_reduce,2,2
1116,0.021,0.034,0.021849999999999994,0.021,0.002528668951576435,0,2,1001472,all_reduce,2,2
1117,0.021,0.036000000000000004,0.022049999999999997,0.022,0.0025522865565344873,0,2,1009664,all_reduce,2,2
1118,0.021,0.032,0.021833333333333333,0.022,0.0014043582955293927,0,2,1017856,all_reduce,2,2
1119,0.021,0.022,0.021466666666666665,0.021,0.0004988876515698575,0,2,1026048,all_reduce,2,2
1120,0.021,0.037,0.022449999999999994,0.022,0.0029968038529962775,0,2,1034240,all_reduce,2,2
1121,0.02,0.03,0.020516666666666673,0.02,0.0013227706612342978,0,2,1042432,all_reduce,2,2
1122,0.02,0.031,0.0205,0.02,0.0014433756729740647,0,2,1048576,all_reduce,2,2
1123,0.02,0.038,0.021433333333333335,0.021,0.003513624276378389,0,2,1081344,all_reduce,2,2
1124,0.022,0.036000000000000004,0.02223333333333333,0.022,0.0017922673411693427,0,2,1114112,all_reduce,2,2
1125,0.021,0.037,0.021599999999999994,0.021,0.0026907248094147416,0,2,1146880,all_reduce,2,2
1126,0.021,0.036000000000000004,0.02181666666666666,0.021,0.0031595973723807843,0,2,1179648,all_reduce,2,2
1127,0.022,0.038,0.02338333333333333,0.022,0.00409508513003359,0,2,1212416,all_reduce,2,2
1128,0.021,0.035,0.021583333333333326,0.021,0.0025052722185201527,0,2,1245184,all_reduce,2,2
1129,0.021,0.038,0.02301666666666666,0.021,0.005074418412214569,0,2,1277952,all_reduce,2,2
1130,0.022,0.034,0.02316666666666666,0.023,0.0014161763857498673,0,2,1310720,all_reduce,2,2
1131,0.021,0.022,0.021366666666666662,0.021,0.00048189440982669744,0,2,1343488,all_reduce,2,2
1132,0.021,0.036000000000000004,0.02283333333333333,0.022,0.0034359213546813843,0,2,1376256,all_reduce,2,2
1133,0.023,0.035,0.023733333333333325,0.023,0.0027499494944857126,0,2,1409024,all_reduce,2,2
1134,0.021,0.022,0.021966666666666666,0.022,0.0001795054935711497,0,2,1441792,all_reduce,2,2
1135,0.022,0.043000000000000003,0.02525,0.022,0.006233311051653583,0,2,1474560,all_reduce,2,2
1136,0.023,0.063,0.024549999999999992,0.023,0.005792020372892347,0,2,1507328,all_reduce,2,2
1137,0.022,0.023,0.02248333333333333,0.022,0.0004997221450188321,0,2,1540096,all_reduce,2,2
1138,0.022,0.038,0.0231,0.022,0.0034914180500192184,0,2,1572864,all_reduce,2,2
1139,0.024,0.032,0.024449999999999996,0.024,0.001736135555383469,0,2,1605632,all_reduce,2,2
1140,0.023,0.029,0.023899999999999998,0.024,0.0007681145747868612,0,2,1638400,all_reduce,2,2
1141,0.023,0.037,0.024749999999999998,0.024,0.0032793546113018446,0,2,1671168,all_reduce,2,2
1142,0.024,0.035,0.025149999999999992,0.025,0.0016913998147491131,0,2,1703936,all_reduce,2,2
1143,0.024,0.025,0.02483333333333333,0.025,0.0003726779962499653,0,2,1736704,all_reduce,2,2
1144,0.024,0.039,0.02688333333333333,0.025,0.004127516067671801,0,2,1769472,all_reduce,2,2
1145,0.024,0.037,0.026233333333333327,0.025,0.003518364519047009,0,2,1802240,all_reduce,2,2
1146,0.024,0.025,0.02491666666666666,0.025,0.0002763853991962835,0,2,1835008,all_reduce,2,2
1147,0.024,0.04,0.026116666666666663,0.025,0.00329692617785449,0,2,1867776,all_reduce,2,2
1148,0.024,0.034,0.025266666666666663,0.025,0.0015369522511198004,0,2,1900544,all_reduce,2,2
1149,0.025,0.035,0.025333333333333326,0.025,0.0015456030825826172,0,2,1933312,all_reduce,2,2
1150,0.025,0.029,0.02506666666666666,0.025,0.0005120763831912409,0,2,1966080,all_reduce,2,2
1151,0.025,0.037,0.02536666666666666,0.025,0.001982983162364779,0,2,1998848,all_reduce,2,2
1152,0.025,0.034,0.02526666666666666,0.025,0.0014476033833738977,0,2,2031616,all_reduce,2,2
1153,0.025,0.037,0.025716666666666662,0.025,0.0027147232312378033,0,2,2064384,all_reduce,2,2
1154,0.025,0.036000000000000004,0.025399999999999992,0.025,0.001863688099799249,0,2,2097152,all_reduce,2,2
1155,0.025,0.032,0.025116666666666662,0.025,0.0008961336705846709,0,2,2129920,all_reduce,2,2
1156,0.025,0.037,0.025299999999999993,0.025,0.0017058722109231982,0,2,2162688,all_reduce,2,2
1157,0.025,0.038,0.02549999999999999,0.025,0.0022766935088705574,0,2,2195456,all_reduce,2,2
1158,0.025,0.042,0.029249999999999995,0.025,0.006136299101793087,0,2,2228224,all_reduce,2,2
1159,0.025,0.04,0.02621666666666666,0.025,0.003674650399093165,0,2,2260992,all_reduce,2,2
1160,0.025,0.041,0.02633333333333333,0.025,0.003339993346633426,0,2,2293760,all_reduce,2,2
1161,0.025,0.04,0.027033333333333333,0.026000000000000002,0.004110825815926635,0,2,2326528,all_reduce,2,2
1162,0.025,0.041,0.027766666666666665,0.026000000000000002,0.004793630032542027,0,2,2359296,all_reduce,2,2
1163,0.025,0.04,0.02656666666666667,0.026000000000000002,0.0035933580704157805,0,2,2392064,all_reduce,2,2
1164,0.025,0.04,0.02698333333333334,0.026000000000000002,0.003035850603848761,0,2,2424832,all_reduce,2,2
1165,0.025,0.041,0.027433333333333334,0.026000000000000002,0.004216501973068302,0,2,2457600,all_reduce,2,2
1166,0.026000000000000002,0.041,0.026833333333333334,0.026000000000000002,0.003168420566921141,0,2,2490368,all_reduce,2,2
1167,0.026000000000000002,0.04,0.027466666666666664,0.026000000000000002,0.003960078562632592,0,2,2523136,all_reduce,2,2
1168,0.026000000000000002,0.052000000000000005,0.027450000000000006,0.026000000000000002,0.004576843890717708,0,2,2555904,all_reduce,2,2
1169,0.026000000000000002,0.039,0.026633333333333335,0.026000000000000002,0.0025558212422276756,0,2,2588672,all_reduce,2,2
1170,0.026000000000000002,0.04,0.027000000000000003,0.026000000000000002,0.0034351128074635333,0,2,2621440,all_reduce,2,2
1171,0.026000000000000002,0.04,0.027200000000000002,0.026000000000000002,0.0035767769476629835,0,2,2654208,all_reduce,2,2
1172,0.026000000000000002,0.037,0.026933333333333333,0.026000000000000002,0.0027620443314488796,0,2,2686976,all_reduce,2,2
1173,0.026000000000000002,0.039,0.027266666666666668,0.026000000000000002,0.003360886126537993,0,2,2719744,all_reduce,2,2
1174,0.026000000000000002,0.04,0.02746666666666667,0.026000000000000002,0.0038663792996664055,0,2,2752512,all_reduce,2,2
1175,0.026000000000000002,0.04,0.027133333333333336,0.026000000000000002,0.0032581521688766395,0,2,2785280,all_reduce,2,2
1176,0.026000000000000002,0.04,0.027716666666666664,0.026000000000000002,0.0038862649878199955,0,2,2818048,all_reduce,2,2
1177,0.026000000000000002,0.041,0.028216666666666668,0.026000000000000002,0.004359249425710297,0,2,2850816,all_reduce,2,2
1178,0.026000000000000002,0.041,0.028483333333333326,0.027,0.0046493428448425795,0,2,2883584,all_reduce,2,2
1179,0.026000000000000002,0.041,0.028316666666666664,0.027,0.004291432032420983,0,2,2916352,all_reduce,2,2
1180,0.026000000000000002,0.04,0.027399999999999994,0.027,0.002811879561195085,0,2,2949120,all_reduce,2,2
1181,0.026000000000000002,0.041,0.028116666666666665,0.027,0.003715246365391608,0,2,2981888,all_reduce,2,2
1182,0.026000000000000002,0.04,0.028599999999999997,0.027,0.004278629063925344,0,2,3014656,all_reduce,2,2
1183,0.026000000000000002,0.041,0.02763333333333333,0.027,0.0027806873650632184,0,2,3047424,all_reduce,2,2
1184,0.027,0.043000000000000003,0.028799999999999996,0.027,0.00464327470649756,0,2,3080192,all_reduce,2,2
1185,0.027,0.039,0.02806666666666666,0.027,0.0031137687061751317,0,2,3112960,all_reduce,2,2
1186,0.027,0.039,0.02761666666666666,0.027,0.0025501089301352515,0,2,3145728,all_reduce,2,2
1187,0.027,0.066,0.02868333333333333,0.027,0.0058209153537528415,0,2,3178496,all_reduce,2,2
1188,0.027,0.04,0.02786666666666666,0.027,0.003116978594016256,0,2,3211264,all_reduce,2,2
1189,0.027,0.041,0.027833333333333328,0.027,0.0029674156357941428,0,2,3244032,all_reduce,2,2
1190,0.027,0.041,0.027699999999999995,0.027,0.0026975297341580258,0,2,3276800,all_reduce,2,2
1191,0.027,0.04,0.028066666666666663,0.027,0.0025024432505497953,0,2,3309568,all_reduce,2,2
1192,0.027,0.04,0.028216666666666668,0.027,0.003028154920446149,0,2,3342336,all_reduce,2,2
1193,0.027,0.041,0.028733333333333333,0.028,0.0034826554364290603,0,2,3375104,all_reduce,2,2
1194,0.027,0.04,0.028450000000000007,0.028,0.0030244834269673227,0,2,3407872,all_reduce,2,2
1195,0.027,0.042,0.02921666666666667,0.028,0.0038647624621558426,0,2,3440640,all_reduce,2,2
1196,0.028,0.046,0.029050000000000006,0.028,0.0035233743296258866,0,2,3473408,all_reduce,2,2
1197,0.028,0.042,0.02945,0.028,0.003743550008570296,0,2,3506176,all_reduce,2,2
1198,0.028,0.04,0.028916666666666667,0.028,0.003045716482026665,0,2,3538944,all_reduce,2,2
1199,0.028,0.039,0.02871666666666667,0.028,0.002443301500474761,0,2,3571712,all_reduce,2,2
1200,0.028,0.07,0.0328,0.028,0.009897474425326899,0,2,3604480,all_reduce,2,2
1201,0.028,0.039,0.028883333333333337,0.028,0.0023950759672479896,0,2,3637248,all_reduce,2,2
1202,0.028,0.04,0.029500000000000002,0.029,0.0023202011407059803,0,2,3670016,all_reduce,2,2
1203,0.028,0.037,0.029549999999999996,0.029,0.002194120932552868,0,2,3702784,all_reduce,2,2
1204,0.028,0.038,0.02949999999999999,0.029,0.0018663690238892555,0,2,3735552,all_reduce,2,2
1205,0.028,0.037,0.02938333333333333,0.029,0.001674232825970019,0,2,3768320,all_reduce,2,2
1206,0.028,0.036000000000000004,0.029549999999999996,0.029,0.0017070930456968853,0,2,3801088,all_reduce,2,2
1207,0.029,0.035,0.029399999999999996,0.029,0.0014047538337136993,0,2,3833856,all_reduce,2,2
1208,0.029,0.04,0.029466666666666665,0.029,0.002069353092689168,0,2,3866624,all_reduce,2,2
1209,0.029,0.04,0.02973333333333333,0.029,0.002625938985497484,0,2,3899392,all_reduce,2,2
1210,0.029,0.041,0.029983333333333327,0.029,0.0030686135124659945,0,2,3932160,all_reduce,2,2
1211,0.029,0.042,0.0325,0.029,0.004762702314162972,0,2,3964928,all_reduce,2,2
1212,0.029,0.041,0.031966666666666664,0.03,0.004049554159273448,0,2,3997696,all_reduce,2,2
1213,0.029,0.04,0.031566666666666666,0.03,0.003921592646985264,0,2,4030464,all_reduce,2,2
1214,0.029,0.043000000000000003,0.030849999999999995,0.029,0.0038851211907309485,0,2,4063232,all_reduce,2,2
1215,0.029,0.045,0.03434999999999999,0.03,0.006136842293340553,0,2,4096000,all_reduce,2,2
1216,0.029,0.041,0.03028333333333333,0.03,0.002720855666064548,0,2,4128768,all_reduce,2,2
1217,0.029,0.041,0.03041666666666666,0.03,0.002551415729006589,0,2,4161536,all_reduce,2,2
1218,0.029,0.04,0.030816666666666666,0.03,0.0029353686120977872,0,2,4194304,all_reduce,2,2
1219,0.029,0.04,0.03061666666666667,0.03,0.002338743727350695,0,2,4227072,all_reduce,2,2
1220,0.029,0.04,0.030833333333333334,0.03,0.0025895087479202612,0,2,4259840,all_reduce,2,2
1221,0.029,0.041,0.031100000000000003,0.03,0.003160696125855822,0,2,4292608,all_reduce,2,2
1222,0.03,0.041,0.03105,0.03,0.0028776437120208837,0,2,4325376,all_reduce,2,2
1223,0.03,0.04,0.03105,0.03,0.0027894145144336893,0,2,4358144,all_reduce,2,2
1224,0.03,0.042,0.03121666666666667,0.03,0.0033719018701946573,0,2,4390912,all_reduce,2,2
1225,0.03,0.043000000000000003,0.031749999999999994,0.03,0.003832427429188974,0,2,4423680,all_reduce,2,2
1226,0.03,0.042,0.031149999999999997,0.03,0.0026446486849233245,0,2,4456448,all_reduce,2,2
1227,0.03,0.048,0.035833333333333335,0.031,0.006237431807687805,0,2,4489216,all_reduce,2,2
1228,0.03,0.044,0.03161666666666666,0.031,0.003098879725893788,0,2,4521984,all_reduce,2,2
1229,0.03,0.041,0.031066666666666663,0.031,0.002135935912480106,0,2,4554752,all_reduce,2,2
1230,0.03,0.042,0.03143333333333333,0.031,0.002465540283363647,0,2,4587520,all_reduce,2,2
1231,0.03,0.041,0.03141666666666666,0.031,0.002067943154172496,0,2,4620288,all_reduce,2,2
1232,0.031,0.042,0.03161666666666666,0.031,0.002324447365623829,0,2,4653056,all_reduce,2,2
1233,0.031,0.041,0.0314,0.031,0.001781385228784985,0,2,4685824,all_reduce,2,2
1234,0.031,0.039,0.03164999999999999,0.031,0.0019817921182606417,0,2,4718592,all_reduce,2,2
1235,0.031,0.042,0.031383333333333326,0.031,0.0018082373246402763,0,2,4751360,all_reduce,2,2
1236,0.031,0.04,0.031716666666666664,0.031,0.0019924161769625903,0,2,4784128,all_reduce,2,2
1237,0.031,0.041,0.03195,0.031,0.0023052476367337775,0,2,4816896,all_reduce,2,2
1238,0.031,0.046,0.03398333333333334,0.032,0.004189238859533104,0,2,4849664,all_reduce,2,2
1239,0.031,0.052000000000000005,0.0356,0.032,0.005483915875843953,0,2,4882432,all_reduce,2,2
1240,0.032,0.042,0.03355,0.032,0.002957617284234051,0,2,4915200,all_reduce,2,2
1241,0.032,0.045,0.038933333333333334,0.041,0.004516143881183986,0,2,4947968,all_reduce,2,2
1242,0.032,0.042,0.03891666666666667,0.039,0.0019260639195577654,0,2,4980736,all_reduce,2,2
1243,0.032,0.041,0.037700000000000004,0.038,0.0022825424421026655,0,2,5013504,all_reduce,2,2
1244,0.032,0.041,0.03726666666666667,0.0385,0.0027560035478125847,0,2,5046272,all_reduce,2,2
1245,0.032,0.042,0.03881666666666668,0.039,0.0017558631938609443,0,2,5079040,all_reduce,2,2
1246,0.032,0.042,0.03654999999999999,0.038,0.0032167530212933657,0,2,5111808,all_reduce,2,2
1247,0.033,0.043000000000000003,0.03738333333333333,0.0385,0.0027208556660645476,0,2,5144576,all_reduce,2,2
1248,0.033,0.042,0.03821666666666668,0.039,0.0022883157319060865,0,2,5177344,all_reduce,2,2
1249,0.034,0.041,0.03865,0.039,0.0015365003525327724,0,2,5210112,all_reduce,2,2
1250,0.034,0.057,0.038366666666666674,0.039,0.003361381990921128,0,2,5242880,all_reduce,2,2
1251,0.035,0.043000000000000003,0.03931666666666667,0.039,0.0010722510070977891,0,2,5275648,all_reduce,2,2
1252,0.034,0.042,0.037316666666666665,0.038,0.0023978578402862457,0,2,5308416,all_reduce,2,2
1253,0.033,0.041,0.03815,0.039,0.002315347346152048,0,2,5341184,all_reduce,2,2
1254,0.037,0.046,0.03921666666666667,0.039,0.0012528855583101848,0,2,5373952,all_reduce,2,2
1255,0.034,0.041,0.038566666666666666,0.039,0.0018290859891091926,0,2,5406720,all_reduce,2,2
1256,0.033,0.043000000000000003,0.0385,0.039,0.0024866309202077677,0,2,5439488,all_reduce,2,2
1257,0.033,0.041,0.03873333333333333,0.039,0.001778263822446552,0,2,5472256,all_reduce,2,2
1258,0.033,0.043000000000000003,0.038516666666666664,0.039,0.002261943608688972,0,2,5505024,all_reduce,2,2
1259,0.034,0.047,0.03865,0.0395,0.002508817782675072,0,2,5537792,all_reduce,2,2
1260,0.034,0.042,0.03838333333333334,0.039,0.001958670183795344,0,2,5570560,all_reduce,2,2
1261,0.035,0.041,0.03911666666666667,0.039,0.0011119302536080622,0,2,5603328,all_reduce,2,2
1262,0.034,0.041,0.03871666666666666,0.039,0.0017989966339292819,0,2,5636096,all_reduce,2,2
1263,0.035,0.041,0.03916666666666667,0.039,0.0014510532573119273,0,2,5668864,all_reduce,2,2
1264,0.035,0.041,0.038799999999999994,0.039,0.001375984496036686,0,2,5701632,all_reduce,2,2
1265,0.034,0.05,0.038766666666666665,0.039,0.002238799281360931,0,2,5734400,all_reduce,2,2
1266,0.034,0.042,0.038866666666666674,0.039,0.0015434449203720298,0,2,5767168,all_reduce,2,2
1267,0.035,0.057,0.03915000000000001,0.039,0.002706935536727833,0,2,5799936,all_reduce,2,2
1268,0.034,0.041,0.03808333333333332,0.038,0.0016461233921617846,0,2,5832704,all_reduce,2,2
1269,0.034,0.042,0.03843333333333334,0.039,0.0018562207723101137,0,2,5865472,all_reduce,2,2
1270,0.035,0.042,0.039083333333333345,0.039,0.001307563467760637,0,2,5898240,all_reduce,2,2
1271,0.038,0.042,0.03938333333333334,0.039,0.000950292352676563,0,2,5931008,all_reduce,2,2
1272,0.035,0.047,0.041150000000000006,0.041,0.0023439638791301087,0,2,5963776,all_reduce,2,2
1273,0.036000000000000004,0.048,0.04129999999999999,0.041,0.0025252062622024888,0,2,5996544,all_reduce,2,2
1274,0.036000000000000004,0.044,0.03931666666666668,0.039,0.0014775166853729796,0,2,6029312,all_reduce,2,2
1275,0.036000000000000004,0.047,0.038316666666666666,0.038,0.001793429365458503,0,2,6062080,all_reduce,2,2
1276,0.036000000000000004,0.041,0.03888333333333334,0.039,0.0013551342696902365,0,2,6094848,all_reduce,2,2
1277,0.035,0.041,0.03818333333333334,0.039,0.001697956287881273,0,2,6127616,all_reduce,2,2
1278,0.036000000000000004,0.043000000000000003,0.038766666666666665,0.039,0.0013337499349161705,0,2,6160384,all_reduce,2,2
1279,0.037,0.042,0.039066666666666666,0.039,0.0010934146311237826,0,2,6193152,all_reduce,2,2
1280,0.036000000000000004,0.044,0.03893333333333334,0.039,0.0015477582354991872,0,2,6225920,all_reduce,2,2
1281,0.036000000000000004,0.043000000000000003,0.03861666666666667,0.039,0.0017135894750169558,0,2,6258688,all_reduce,2,2
1282,0.036000000000000004,0.043000000000000003,0.03956666666666667,0.04,0.0012565384549980518,0,2,6291456,all_reduce,2,2
1283,0.037,0.042,0.038799999999999994,0.039,0.0010770329614269018,0,2,6324224,all_reduce,2,2
1284,0.037,0.041,0.03885000000000001,0.039,0.0011807483502705688,0,2,6356992,all_reduce,2,2
1285,0.038,0.046,0.039783333333333344,0.04,0.0013673778637312453,0,2,6389760,all_reduce,2,2
1286,0.038,0.07200000000000001,0.03985000000000001,0.039,0.004284954297694824,0,2,6422528,all_reduce,2,2
1287,0.038,0.045,0.03936666666666667,0.039,0.0013034143197344775,0,2,6455296,all_reduce,2,2
1288,0.038,0.043000000000000003,0.039666666666666676,0.04,0.0009603240193925297,0,2,6488064,all_reduce,2,2
1289,0.038,0.042,0.03941666666666667,0.039,0.0008019074482479612,0,2,6520832,all_reduce,2,2
1290,0.038,0.042,0.03946666666666667,0.039,0.0007408703590297629,0,2,6553600,all_reduce,2,2
1291,0.038,0.047,0.03986666666666668,0.04,0.001271045064329175,0,2,6586368,all_reduce,2,2
1292,0.038,0.044,0.03990000000000001,0.04,0.0009949874371066203,0,2,6619136,all_reduce,2,2
1293,0.039,0.043000000000000003,0.04016666666666667,0.04,0.0008198915917499235,0,2,6651904,all_reduce,2,2
1294,0.039,0.043000000000000003,0.04021666666666667,0.04,0.000776566517148117,0,2,6684672,all_reduce,2,2
1295,0.039,0.044,0.040150000000000005,0.04,0.0006278269400612453,0,2,6717440,all_reduce,2,2
1296,0.039,0.046,0.040400000000000005,0.04,0.000969535971483266,0,2,6750208,all_reduce,2,2
1297,0.038,0.042,0.04016666666666667,0.04,0.0006101001739241047,0,2,6782976,all_reduce,2,2
1298,0.039,0.105,0.05138333333333333,0.041,0.015663217705468083,0,2,6815744,all_reduce,2,2
1299,0.04,0.057,0.040816666666666675,0.041,0.002171724864914727,0,2,6848512,all_reduce,2,2
1300,0.04,0.049,0.041866666666666656,0.042,0.0016779617264870955,0,2,6881280,all_reduce,2,2
1301,0.04,0.048,0.042533333333333326,0.042,0.0017931970208417013,0,2,6914048,all_reduce,2,2
1302,0.04,0.048,0.042749999999999996,0.043000000000000003,0.0017284386017443597,0,2,6946816,all_reduce,2,2
1303,0.04,0.047,0.04214999999999999,0.042,0.0015898113095584644,0,2,6979584,all_reduce,2,2
1304,0.04,0.046,0.04228333333333333,0.042,0.001742523712575782,0,2,7012352,all_reduce,2,2
1305,0.04,0.045,0.041499999999999995,0.041,0.0013844373104863457,0,2,7045120,all_reduce,2,2
1306,0.04,0.046,0.042449999999999995,0.042,0.001230514797418814,0,2,7077888,all_reduce,2,2
1307,0.04,0.053,0.04246666666666666,0.042,0.0020853989759489393,0,2,7110656,all_reduce,2,2
1308,0.04,0.048,0.04125,0.041,0.0010586941642104833,0,2,7143424,all_reduce,2,2
1309,0.041,0.047,0.042699999999999995,0.042,0.0014866068747318494,0,2,7176192,all_reduce,2,2
1310,0.041,0.064,0.04283333333333333,0.042,0.0031100196498128787,0,2,7208960,all_reduce,2,2
1311,0.041,0.048,0.04226666666666666,0.042,0.00138884444373331,0,2,7241728,all_reduce,2,2
1312,0.041,0.048,0.04266666666666666,0.042,0.0014102797200870774,0,2,7274496,all_reduce,2,2
1313,0.041,0.048,0.0421,0.042,0.0015459624833740297,0,2,7307264,all_reduce,2,2
1314,0.041,0.047,0.042799999999999984,0.042,0.0015790292376436004,0,2,7340032,all_reduce,2,2
1315,0.041,0.047,0.04274999999999999,0.042,0.001259960316835414,0,2,7372800,all_reduce,2,2
1316,0.041,0.048,0.04258333333333333,0.042,0.0017252214028607704,0,2,7405568,all_reduce,2,2
1317,0.041,0.048,0.043099999999999986,0.043000000000000003,0.0016802777548171402,0,2,7438336,all_reduce,2,2
1318,0.041,0.042,0.041649999999999986,0.042,0.0004769696007084732,0,2,7471104,all_reduce,2,2
1319,0.042,0.042,0.04199999999999999,0.042,1.3877787807814457e-17,0,2,7503872,all_reduce,2,2
1320,0.041,0.043000000000000003,0.04204999999999999,0.042,0.0002843120351538666,0,2,7536640,all_reduce,2,2
1321,0.042,0.045,0.042216666666666666,0.042,0.0006080478782318222,0,2,7569408,all_reduce,2,2
1322,0.042,0.043000000000000003,0.042283333333333326,0.042,0.0004506168611531929,0,2,7602176,all_reduce,2,2
1323,0.042,0.043000000000000003,0.042533333333333326,0.043000000000000003,0.0004988876515698593,0,2,7634944,all_reduce,2,2
1324,0.042,0.058,0.04298333333333334,0.043000000000000003,0.0020040930339904105,0,2,7667712,all_reduce,2,2
1325,0.042,0.045,0.04234999999999999,0.042,0.0006278269400612448,0,2,7700480,all_reduce,2,2
1326,0.042,0.048,0.04313333333333332,0.043000000000000003,0.0013474255287605147,0,2,7733248,all_reduce,2,2
1327,0.042,0.048,0.04325000000000001,0.043000000000000003,0.0012466622103307155,0,2,7766016,all_reduce,2,2
1328,0.042,0.047,0.04296666666666667,0.043000000000000003,0.0012905640455070616,0,2,7798784,all_reduce,2,2
1329,0.042,0.047,0.04298333333333334,0.043000000000000003,0.0010245595259535775,0,2,7831552,all_reduce,2,2
1330,0.042,0.048,0.043533333333333334,0.043000000000000003,0.0012310790208412909,0,2,7864320,all_reduce,2,2
1331,0.043000000000000003,0.049,0.043750000000000004,0.043000000000000003,0.001324449571205587,0,2,7897088,all_reduce,2,2
1332,0.043000000000000003,0.048,0.04370000000000001,0.043000000000000003,0.0013076696830622006,0,2,7929856,all_reduce,2,2
1333,0.043000000000000003,0.046,0.04328333333333334,0.043000000000000003,0.0005799904213768417,0,2,7962624,all_reduce,2,2
1334,0.043000000000000003,0.047,0.04398333333333333,0.044,0.0008849042634972178,0,2,7995392,all_reduce,2,2
1335,0.043000000000000003,0.044,0.043916666666666666,0.044,0.00027638539919628164,0,2,8028160,all_reduce,2,2
1336,0.043000000000000003,0.044,0.0439,0.044,0.0002999999999999982,0,2,8060928,all_reduce,2,2
1337,0.043000000000000003,0.044,0.043699999999999996,0.044,0.00045825756949558123,0,2,8093696,all_reduce,2,2
1338,0.043000000000000003,0.044,0.04386666666666666,0.044,0.00033993463423951693,0,2,8126464,all_reduce,2,2
1339,0.043000000000000003,0.047,0.044283333333333334,0.044,0.0007092640943651074,0,2,8159232,all_reduce,2,2
1340,0.043000000000000003,0.081,0.061283333333333335,0.07,0.016957880829343693,0,2,8192000,all_reduce,2,2
1341,0.043000000000000003,0.054,0.0441,0.044,0.0015242484486898231,0,2,8224768,all_reduce,2,2
1342,0.043000000000000003,0.065,0.04426666666666666,0.044,0.002749949494485712,0,2,8257536,all_reduce,2,2
1343,0.044,0.047,0.0441,0.044,0.000538516480713451,0,2,8290304,all_reduce,2,2
1344,0.043000000000000003,0.057,0.04395000000000001,0.044,0.0017552302792891118,0,2,8323072,all_reduce,2,2
1345,0.044,0.048,0.04435,0.044,0.000812916559883814,0,2,8355840,all_reduce,2,2
1346,0.044,0.064,0.04524999999999999,0.045,0.00245373864405591,0,2,8388608,all_reduce,2,2
1347,0.044,0.066,0.045349999999999994,0.045,0.0027069355367278333,0,2,8421376,all_reduce,2,2
1348,0.044,0.065,0.04529999999999999,0.045,0.002570992026436489,0,2,8454144,all_reduce,2,2
1349,0.044,0.049,0.04499999999999999,0.045,0.0005773502691896263,0,2,8486912,all_reduce,2,2
1350,0.045,0.05,0.04508333333333332,0.045,0.0006400954789890513,0,2,8519680,all_reduce,2,2
1351,0.044,0.045,0.04496666666666666,0.045,0.00017950549357115026,0,2,8552448,all_reduce,2,2
1352,0.044,0.045,0.044833333333333315,0.045,0.00037267799624996525,0,2,8585216,all_reduce,2,2
1353,0.044,0.049,0.04501666666666666,0.045,0.0005624845676895405,0,2,8617984,all_reduce,2,2
1354,0.044,0.045,0.04496666666666666,0.045,0.00017950549357115028,0,2,8650752,all_reduce,2,2
1355,0.045,0.065,0.04781666666666666,0.045,0.005993028357090338,0,2,8683520,all_reduce,2,2
1356,0.045,0.066,0.045749999999999985,0.045,0.0026809513236909026,0,2,8716288,all_reduce,2,2
1357,0.045,0.06,0.04593333333333332,0.046,0.0018873850222522754,0,2,8749056,all_reduce,2,2
1358,0.045,0.046,0.04596666666666665,0.046,0.00017950549357115028,0,2,8781824,all_reduce,2,2
1359,0.046,0.048,0.04608333333333332,0.046,0.00033124344857253014,0,2,8814592,all_reduce,2,2
1360,0.046,0.048,0.04616666666666665,0.046,0.00041499665326629153,0,2,8847360,all_reduce,2,2
1361,0.045,0.047,0.04599999999999998,0.046,0.00018257418583505553,0,2,8880128,all_reduce,2,2
1362,0.046,0.055,0.04621666666666665,0.046,0.0012123210062612224,0,2,8912896,all_reduce,2,2
1363,0.046,0.047,0.04603333333333331,0.046,0.0001795054935711503,0,2,8945664,all_reduce,2,2
1364,0.045,0.048,0.04603333333333331,0.046,0.0003144660377352204,0,2,8978432,all_reduce,2,2
1365,0.046,0.047,0.04601666666666664,0.046,0.00012801909579781025,0,2,9011200,all_reduce,2,2
1366,0.045,0.047,0.04606666666666666,0.046,0.0003091206165165237,0,2,9043968,all_reduce,2,2
1367,0.046,0.047,0.046416666666666655,0.046,0.0004930066485916351,0,2,9076736,all_reduce,2,2
1368,0.046,0.047,0.04690000000000001,0.047,0.0003000000000000003,0,2,9109504,all_reduce,2,2
1369,0.046,0.047,0.04690000000000001,0.047,0.0003000000000000003,0,2,9142272,all_reduce,2,2
1370,0.047,0.047,0.04700000000000001,0.047,6.938893903907228e-18,0,2,9175040,all_reduce,2,2
1371,0.047,0.048,0.04713333333333334,0.047,0.00033993463423951937,0,2,9207808,all_reduce,2,2
1372,0.047,0.048,0.04736666666666667,0.047,0.00048189440982669907,0,2,9240576,all_reduce,2,2
1373,0.047,0.048,0.04701666666666667,0.047,0.0001280190957978103,0,2,9273344,all_reduce,2,2
1374,0.047,0.048,0.04713333333333334,0.047,0.0003399346342395193,0,2,9306112,all_reduce,2,2
1375,0.047,0.048,0.0473,0.047,0.0004582575694955844,0,2,9338880,all_reduce,2,2
1376,0.047,0.048,0.04701666666666667,0.047,0.0001280190957978103,0,2,9371648,all_reduce,2,2
1377,0.047,0.048,0.04711666666666667,0.047,0.000321022671404304,0,2,9404416,all_reduce,2,2
1378,0.047,0.048,0.04733333333333333,0.047,0.00047140452079103207,0,2,9437184,all_reduce,2,2
1379,0.047,0.048,0.047883333333333326,0.048,0.000321022671404304,0,2,9469952,all_reduce,2,2
1380,0.048,0.048,0.048,0.048,0.0,0,2,9502720,all_reduce,2,2
1381,0.048,0.049,0.048016666666666666,0.048,0.00012801909579781033,0,2,9535488,all_reduce,2,2
1382,0.048,0.049,0.04816666666666667,0.048,0.0003726779962499653,0,2,9568256,all_reduce,2,2
1383,0.048,0.049,0.04848333333333332,0.048,0.0004997221450188321,0,2,9601024,all_reduce,2,2
1384,0.048,0.049,0.04869999999999999,0.049,0.0004582575694955844,0,2,9633792,all_reduce,2,2
1385,0.048,0.049,0.0481,0.048,0.00030000000000000024,0,2,9666560,all_reduce,2,2
1386,0.048,0.049,0.04833333333333333,0.048,0.0004714045207910321,0,2,9699328,all_reduce,2,2
1387,0.048,0.049,0.048616666666666655,0.049,0.0004861984048604945,0,2,9732096,all_reduce,2,2
1388,0.048,0.049,0.048133333333333334,0.048,0.0003399346342395193,0,2,9764864,all_reduce,2,2
1389,0.048,0.049,0.04868333333333332,0.049,0.00046517619123176256,0,2,9797632,all_reduce,2,2
1390,0.048,0.049,0.04866666666666666,0.049,0.00047140452079103207,0,2,9830400,all_reduce,2,2
1391,0.048,0.049,0.04898333333333333,0.049,0.00012801909579781027,0,2,9863168,all_reduce,2,2
1392,0.049,0.05,0.049049999999999996,0.049,0.0002179449471770339,0,2,9895936,all_reduce,2,2
1393,0.049,0.05,0.049116666666666656,0.049,0.000321022671404304,0,2,9928704,all_reduce,2,2
1394,0.049,0.05,0.049366666666666656,0.049,0.00048189440982669907,0,2,9961472,all_reduce,2,2
1395,0.049,0.05,0.04979999999999999,0.05,0.00040000000000000034,0,2,9994240,all_reduce,2,2
1396,0.049,0.05,0.04994999999999998,0.05,0.00021794494717703383,0,2,10027008,all_reduce,2,2
1397,0.048,0.07,0.04974999999999999,0.049,0.002687160831311244,0,2,10059776,all_reduce,2,2
1398,0.049,0.084,0.056283333333333324,0.05,0.009629973462522567,0,2,10092544,all_reduce,2,2
1399,0.049,0.05,0.04996666666666665,0.05,0.00017950549357115028,0,2,10125312,all_reduce,2,2
1400,0.049,0.05,0.04971666666666665,0.05,0.0004506168611531929,0,2,10158080,all_reduce,2,2
1401,0.049,0.05,0.04998333333333332,0.05,0.00012801909579781027,0,2,10190848,all_reduce,2,2
1402,0.05,0.05,0.04999999999999998,0.05,2.0816681711721685e-17,0,2,10223616,all_reduce,2,2
1403,0.05,0.051000000000000004,0.05009999999999999,0.05,0.0003000000000000003,0,2,10256384,all_reduce,2,2
1404,0.05,0.051000000000000004,0.050466666666666674,0.05,0.0004988876515698593,0,2,10289152,all_reduce,2,2
1405,0.05,0.051000000000000004,0.05056666666666666,0.051000000000000004,0.0004955356249106172,0,2,10321920,all_reduce,2,2
1406,0.05,0.052000000000000005,0.05095000000000001,0.051000000000000004,0.00028431203515386663,0,2,10354688,all_reduce,2,2
1407,0.05,0.052000000000000005,0.05100000000000001,0.051000000000000004,0.0002581988897471614,0,2,10387456,all_reduce,2,2
1408,0.051000000000000004,0.052000000000000005,0.05106666666666668,0.051000000000000004,0.00024944382578492966,0,2,10420224,all_reduce,2,2
1409,0.05,0.051000000000000004,0.05088333333333334,0.051000000000000004,0.00032102267140430397,0,2,10452992,all_reduce,2,2
1410,0.051000000000000004,0.051000000000000004,0.05100000000000001,0.051000000000000004,6.938893903907228e-18,0,2,10485760,all_reduce,2,2
1411,0.051000000000000004,0.051000000000000004,0.05100000000000001,0.051000000000000004,6.938893903907228e-18,0,2,10518528,all_reduce,2,2
1412,0.05,0.051000000000000004,0.05096666666666668,0.051000000000000004,0.0001795054935711503,0,2,10551296,all_reduce,2,2
1413,0.051000000000000004,0.051000000000000004,0.05100000000000001,0.051000000000000004,6.938893903907228e-18,0,2,10584064,all_reduce,2,2
1414,0.051000000000000004,0.052000000000000005,0.051016666666666675,0.051000000000000004,0.0001280190957978103,0,2,10616832,all_reduce,2,2
1415,0.051000000000000004,0.052000000000000005,0.05136666666666667,0.051000000000000004,0.00048189440982669907,0,2,10649600,all_reduce,2,2
1416,0.051000000000000004,0.052000000000000005,0.051883333333333344,0.052000000000000005,0.000321022671404304,0,2,10682368,all_reduce,2,2
1417,0.051000000000000004,0.052000000000000005,0.05191666666666667,0.052000000000000005,0.00027638539919628354,0,2,10715136,all_reduce,2,2
1418,0.052000000000000005,0.053,0.052033333333333334,0.052000000000000005,0.00017950549357114906,0,2,10747904,all_reduce,2,2
1419,0.052000000000000005,0.053,0.05213333333333334,0.052000000000000005,0.00033993463423951693,0,2,10780672,all_reduce,2,2
1420,0.052000000000000005,0.053,0.052316666666666664,0.052000000000000005,0.0004651761912317593,0,2,10813440,all_reduce,2,2
1421,0.051000000000000004,0.064,0.05223333333333333,0.052000000000000005,0.001553133034296232,0,2,10846208,all_reduce,2,2
1422,0.052000000000000005,0.053,0.0522,0.052000000000000005,0.00039999999999999763,0,2,10878976,all_reduce,2,2
1423,0.052000000000000005,0.053,0.0524,0.052000000000000005,0.0004898979485566326,0,2,10911744,all_reduce,2,2
1424,0.052000000000000005,0.068,0.05383333333333333,0.052000000000000005,0.0045503357629471195,0,2,10944512,all_reduce,2,2
1425,0.052000000000000005,0.053,0.052333333333333336,0.052000000000000005,0.0004714045207910289,0,2,10977280,all_reduce,2,2
1426,0.052000000000000005,0.065,0.05288333333333333,0.053,0.0016742328259700184,0,2,11010048,all_reduce,2,2
1427,0.052000000000000005,0.053,0.052983333333333334,0.053,0.0001280190957978094,0,2,11042816,all_reduce,2,2
1428,0.053,0.053,0.053,0.053,0.0,0,2,11075584,all_reduce,2,2
1429,0.053,0.054,0.053066666666666665,0.053,0.00024944382578492966,0,2,11108352,all_reduce,2,2
1430,0.053,0.054,0.053316666666666665,0.053,0.00046517619123176245,0,2,11141120,all_reduce,2,2
1431,0.053,0.055,0.05386666666666665,0.054,0.00038586123009300784,0,2,11173888,all_reduce,2,2
1432,0.053,0.054,0.05389999999999999,0.054,0.00030000000000000024,0,2,11206656,all_reduce,2,2
1433,0.053,0.054,0.05311666666666666,0.053,0.00032102267140430397,0,2,11239424,all_reduce,2,2
1434,0.053,0.054,0.05373333333333333,0.054,0.0004422166387140537,0,2,11272192,all_reduce,2,2
1435,0.053,0.054,0.05381666666666666,0.054,0.00038693955887479696,0,2,11304960,all_reduce,2,2
1436,0.053,0.054,0.053466666666666655,0.053,0.0004988876515698593,0,2,11337728,all_reduce,2,2
1437,0.053,0.054,0.053916666666666654,0.054,0.0002763853991962836,0,2,11370496,all_reduce,2,2
1438,0.053,0.054,0.053949999999999984,0.054,0.0002179449471770339,0,2,11403264,all_reduce,2,2
1439,0.054,0.055,0.05436666666666667,0.054,0.00048189440982669907,0,2,11436032,all_reduce,2,2
1440,0.054,0.055,0.05468333333333334,0.055,0.0004651761912317625,0,2,11468800,all_reduce,2,2
1441,0.054,0.055,0.054783333333333344,0.055,0.0004119735698102762,0,2,11501568,all_reduce,2,2
1442,0.055,0.056,0.05513333333333335,0.055,0.0003399346342395193,0,2,11534336,all_reduce,2,2
1443,0.055,0.056,0.05546666666666667,0.055,0.0004988876515698593,0,2,11567104,all_reduce,2,2
1444,0.055,0.056,0.055616666666666675,0.056,0.00048619840486049454,0,2,11599872,all_reduce,2,2
1445,0.054,0.062,0.05510000000000002,0.055,0.0009073771725877464,0,2,11632640,all_reduce,2,2
1446,0.055,0.055,0.055000000000000014,0.055,1.3877787807814457e-17,0,2,11665408,all_reduce,2,2
1447,0.055,0.066,0.05540000000000001,0.055,0.001809235566014922,0,2,11698176,all_reduce,2,2
1448,0.055,0.056,0.05501666666666668,0.055,0.0001280190957978103,0,2,11730944,all_reduce,2,2
1449,0.055,0.056,0.05501666666666668,0.055,0.0001280190957978103,0,2,11763712,all_reduce,2,2
1450,0.055,0.058,0.055150000000000005,0.055,0.0005107184482014859,0,2,11796480,all_reduce,2,2
1451,0.055,0.056,0.05586666666666667,0.056,0.00033993463423951926,0,2,11829248,all_reduce,2,2
1452,0.056,0.056,0.05600000000000001,0.056,6.938893903907228e-18,0,2,11862016,all_reduce,2,2
1453,0.056,0.056,0.05600000000000001,0.056,6.938893903907228e-18,0,2,11894784,all_reduce,2,2
1454,0.056,0.065,0.056949999999999994,0.057,0.0011169153951844338,0,2,11927552,all_reduce,2,2
1455,0.057,0.057,0.057,0.057,0.0,0,2,11960320,all_reduce,2,2
1456,0.056,0.057,0.05698333333333334,0.057,0.00012801909579781027,0,2,11993088,all_reduce,2,2
1457,0.056,0.057,0.0567,0.057,0.0004582575694955844,0,2,12025856,all_reduce,2,2
1458,0.056,0.057,0.056916666666666664,0.057,0.00027638539919628354,0,2,12058624,all_reduce,2,2
1459,0.056,0.057,0.05698333333333334,0.057,0.00012801909579781033,0,2,12091392,all_reduce,2,2
1460,0.056,0.057,0.05610000000000001,0.056,0.00030000000000000024,0,2,12124160,all_reduce,2,2
1461,0.056,0.057,0.05636666666666667,0.056,0.00048189440982669907,0,2,12156928,all_reduce,2,2
1462,0.056,0.057,0.05653333333333333,0.057,0.0004988876515698593,0,2,12189696,all_reduce,2,2
1463,0.057,0.059000000000000004,0.05736666666666666,0.057,0.0005153208277913439,0,2,12222464,all_reduce,2,2
1464,0.057,0.058,0.05761666666666666,0.058,0.0004861984048604945,0,2,12255232,all_reduce,2,2
1465,0.057,0.058,0.057783333333333325,0.058,0.0004119735698102762,0,2,12288000,all_reduce,2,2
1466,0.058,0.059000000000000004,0.05821666666666667,0.058,0.00041197356981027627,0,2,12320768,all_reduce,2,2
1467,0.058,0.059000000000000004,0.05856666666666668,0.059000000000000004,0.0004955356249106172,0,2,12353536,all_reduce,2,2
1468,0.058,0.059000000000000004,0.058650000000000015,0.059000000000000004,0.00047696960070847325,0,2,12386304,all_reduce,2,2
1469,0.057,0.058,0.057983333333333324,0.058,0.0001280190957978103,0,2,12419072,all_reduce,2,2
1470,0.057,0.059000000000000004,0.05799999999999999,0.058,0.00018257418583505553,0,2,12451840,all_reduce,2,2
1471,0.058,0.059000000000000004,0.0581,0.058,0.00030000000000000024,0,2,12484608,all_reduce,2,2
1472,0.057,0.058,0.05766666666666666,0.058,0.00047140452079103207,0,2,12517376,all_reduce,2,2
1473,0.057,0.058,0.05788333333333333,0.058,0.000321022671404304,0,2,12550144,all_reduce,2,2
1474,0.057,0.058,0.05793333333333332,0.058,0.00024944382578492966,0,2,12582912,all_reduce,2,2
1475,0.058,0.059000000000000004,0.058866666666666664,0.059000000000000004,0.0003399346342395193,0,2,12615680,all_reduce,2,2
1476,0.058,0.059000000000000004,0.05898333333333335,0.059000000000000004,0.00012801909579781022,0,2,12648448,all_reduce,2,2
1477,0.059000000000000004,0.059000000000000004,0.05900000000000002,0.059000000000000004,1.3877787807814457e-17,0,2,12681216,all_reduce,2,2
1478,0.059000000000000004,0.06,0.05993333333333333,0.06,0.0002494438257849279,0,2,12713984,all_reduce,2,2
1479,0.059000000000000004,0.06,0.05998333333333334,0.06,0.0001280190957978093,0,2,12746752,all_reduce,2,2
1480,0.06,0.06,0.060000000000000005,0.06,6.938893903907228e-18,0,2,12779520,all_reduce,2,2
1481,0.06,0.061,0.06003333333333334,0.06,0.00017950549357115028,0,2,12812288,all_reduce,2,2
1482,0.06,0.061,0.06001666666666667,0.06,0.0001280190957978103,0,2,12845056,all_reduce,2,2
1483,0.06,0.061,0.06013333333333334,0.06,0.0003399346342395193,0,2,12877824,all_reduce,2,2
1484,0.06,0.061,0.06011666666666667,0.06,0.000321022671404304,0,2,12910592,all_reduce,2,2
1485,0.06,0.061,0.06018333333333333,0.06,0.00038693955887479696,0,2,12943360,all_reduce,2,2
1486,0.06,0.061,0.06041666666666667,0.06,0.0004930066485916352,0,2,12976128,all_reduce,2,2
1487,0.06,0.061,0.06089999999999999,0.061,0.00030000000000000024,0,2,13008896,all_reduce,2,2
1488,0.061,0.061,0.06099999999999999,0.061,6.938893903907228e-18,0,2,13041664,all_reduce,2,2
1489,0.061,0.062,0.06101666666666666,0.061,0.00012801909579781022,0,2,13074432,all_reduce,2,2
1490,0.061,0.062,0.061649999999999996,0.062,0.00047696960070847325,0,2,13107200,all_reduce,2,2
1491,0.061,0.062,0.061683333333333326,0.062,0.00046517619123176245,0,2,13139968,all_reduce,2,2
1492,0.061,0.062,0.06193333333333332,0.062,0.00024944382578492966,0,2,13172736,all_reduce,2,2
1493,0.061,0.062,0.06166666666666666,0.062,0.00047140452079103207,0,2,13205504,all_reduce,2,2
1494,0.061,0.062,0.06188333333333332,0.062,0.00032102267140430397,0,2,13238272,all_reduce,2,2
1495,0.061,0.062,0.06193333333333332,0.062,0.00024944382578492966,0,2,13271040,all_reduce,2,2
1496,0.061,0.062,0.061716666666666656,0.062,0.0004506168611531929,0,2,13303808,all_reduce,2,2
1497,0.061,0.08,0.06389999999999998,0.062,0.004403407771260801,0,2,13336576,all_reduce,2,2
1498,0.062,0.063,0.06203333333333332,0.062,0.0001795054935711503,0,2,13369344,all_reduce,2,2
1499,0.062,0.063,0.0623,0.062,0.0004582575694955844,0,2,13402112,all_reduce,2,2
1500,0.062,0.063,0.06275000000000001,0.063,0.0004330127018922197,0,2,13434880,all_reduce,2,2
1501,0.062,0.063,0.06276666666666667,0.063,0.000422952584681651,0,2,13467648,all_reduce,2,2
1502,0.062,0.063,0.06298333333333335,0.063,0.00012801909579781022,0,2,13500416,all_reduce,2,2
1503,0.063,0.064,0.06303333333333334,0.063,0.00017950549357115028,0,2,13533184,all_reduce,2,2
1504,0.063,0.063,0.06300000000000001,0.063,1.3877787807814457e-17,0,2,13565952,all_reduce,2,2
1505,0.062,0.064,0.06293333333333334,0.063,0.0003091206165165237,0,2,13598720,all_reduce,2,2
1506,0.063,0.064,0.06311666666666667,0.063,0.000321022671404304,0,2,13631488,all_reduce,2,2
1507,0.063,0.064,0.06310000000000002,0.063,0.00030000000000000024,0,2,13664256,all_reduce,2,2
1508,0.063,0.064,0.06306666666666667,0.063,0.00024944382578492966,0,2,13697024,all_reduce,2,2
1509,0.063,0.064,0.06308333333333334,0.063,0.0002763853991962836,0,2,13729792,all_reduce,2,2
1510,0.063,0.064,0.06331666666666667,0.063,0.00046517619123176245,0,2,13762560,all_reduce,2,2
1511,0.063,0.064,0.06373333333333334,0.064,0.0004422166387140537,0,2,13795328,all_reduce,2,2
1512,0.064,0.064,0.064,0.064,0.0,0,2,13828096,all_reduce,2,2
1513,0.064,0.064,0.064,0.064,0.0,0,2,13860864,all_reduce,2,2
1514,0.064,0.065,0.06438333333333333,0.064,0.0004861984048604945,0,2,13893632,all_reduce,2,2
1515,0.064,0.065,0.06446666666666667,0.064,0.0004988876515698593,0,2,13926400,all_reduce,2,2
1516,0.064,0.065,0.06463333333333335,0.065,0.00048189440982669907,0,2,13959168,all_reduce,2,2
1517,0.064,0.065,0.06403333333333334,0.064,0.00017950549357115028,0,2,13991936,all_reduce,2,2
1518,0.064,0.065,0.06426666666666667,0.064,0.0004422166387140537,0,2,14024704,all_reduce,2,2
1519,0.064,0.065,0.06445,0.064,0.0004974937185533105,0,2,14057472,all_reduce,2,2
1520,0.064,0.065,0.0642,0.064,0.0004000000000000003,0,2,14090240,all_reduce,2,2
1521,0.064,0.065,0.06421666666666667,0.064,0.00041197356981027627,0,2,14123008,all_reduce,2,2
1522,0.064,0.065,0.06483333333333333,0.065,0.00037267799624996525,0,2,14155776,all_reduce,2,2
1523,0.065,0.066,0.06513333333333333,0.065,0.00033993463423951926,0,2,14188544,all_reduce,2,2
1524,0.065,0.066,0.06508333333333333,0.065,0.0002763853991962836,0,2,14221312,all_reduce,2,2
1525,0.065,0.066,0.06515,0.065,0.00035707142142714284,0,2,14254080,all_reduce,2,2
1526,0.065,0.066,0.06584999999999999,0.066,0.0003570714214271428,0,2,14286848,all_reduce,2,2
1527,0.065,0.066,0.06588333333333332,0.066,0.000321022671404304,0,2,14319616,all_reduce,2,2
1528,0.065,0.067,0.06598333333333332,0.066,0.00022298480267099444,0,2,14352384,all_reduce,2,2
1529,0.065,0.066,0.06545,0.065,0.0004974937185533105,0,2,14385152,all_reduce,2,2
1530,0.065,0.066,0.06583333333333333,0.066,0.00037267799624996525,0,2,14417920,all_reduce,2,2
1531,0.065,0.066,0.06581666666666666,0.066,0.0003869395588747969,0,2,14450688,all_reduce,2,2
1532,0.065,0.066,0.06566666666666666,0.066,0.000471404520791032,0,2,14483456,all_reduce,2,2
1533,0.065,0.066,0.06591666666666665,0.066,0.00027638539919628354,0,2,14516224,all_reduce,2,2
1534,0.065,0.066,0.06591666666666665,0.066,0.00027638539919628354,0,2,14548992,all_reduce,2,2
1535,0.066,0.067,0.06643333333333333,0.066,0.0004955356249106172,0,2,14581760,all_reduce,2,2
1536,0.066,0.067,0.0666,0.067,0.000489897948556636,0,2,14614528,all_reduce,2,2
1537,0.066,0.067,0.06673333333333334,0.067,0.0004422166387140537,0,2,14647296,all_reduce,2,2
1538,0.067,0.068,0.06701666666666668,0.067,0.0001280190957978103,0,2,14680064,all_reduce,2,2
1539,0.067,0.067,0.067,0.067,0.0,0,2,14712832,all_reduce,2,2
1540,0.067,0.068,0.06706666666666668,0.067,0.00024944382578492966,0,2,14745600,all_reduce,2,2
1541,0.066,0.068,0.06691666666666668,0.067,0.00033124344857253014,0,2,14778368,all_reduce,2,2
1542,0.066,0.068,0.067,0.067,0.00018257418583505553,0,2,14811136,all_reduce,2,2
1543,0.067,0.068,0.06703333333333335,0.067,0.00017950549357115028,0,2,14843904,all_reduce,2,2
1544,0.066,0.067,0.06693333333333334,0.067,0.00024944382578492966,0,2,14876672,all_reduce,2,2
1545,0.067,0.068,0.06706666666666668,0.067,0.0002494438257849296,0,2,14909440,all_reduce,2,2
1546,0.067,0.068,0.06706666666666668,0.067,0.00024944382578492966,0,2,14942208,all_reduce,2,2
1547,0.067,0.068,0.06770000000000001,0.068,0.0004582575694955845,0,2,14974976,all_reduce,2,2
1548,0.067,0.069,0.06795,0.068,0.00028431203515386663,0,2,15007744,all_reduce,2,2
1549,0.067,0.069,0.068,0.068,0.00018257418583505553,0,2,15040512,all_reduce,2,2
1550,0.068,0.069,0.06813333333333334,0.068,0.0003399346342395193,0,2,15073280,all_reduce,2,2
1551,0.068,0.069,0.06823333333333334,0.068,0.00042295258468165095,0,2,15106048,all_reduce,2,2
1552,0.068,0.069,0.06848333333333333,0.068,0.0004997221450188321,0,2,15138816,all_reduce,2,2
1553,0.067,0.069,0.068,0.068,0.0003651483716701111,0,2,15171584,all_reduce,2,2
1554,0.068,0.069,0.06821666666666666,0.068,0.0004119735698102762,0,2,15204352,all_reduce,2,2
1555,0.068,0.069,0.06826666666666667,0.068,0.0004422166387140537,0,2,15237120,all_reduce,2,2
1556,0.068,0.069,0.06835,0.068,0.00047696960070847325,0,2,15269888,all_reduce,2,2
1557,0.068,0.069,0.06848333333333333,0.068,0.0004997221450188321,0,2,15302656,all_reduce,2,2
1558,0.068,0.07,0.06871666666666668,0.069,0.00048619840486049444,0,2,15335424,all_reduce,2,2
1559,0.069,0.07,0.06910000000000001,0.069,0.0003000000000000003,0,2,15368192,all_reduce,2,2
1560,0.069,0.07,0.06915,0.069,0.0003570714214271429,0,2,15400960,all_reduce,2,2
1561,0.069,0.07,0.06933333333333333,0.069,0.00047140452079103207,0,2,15433728,all_reduce,2,2
1562,0.069,0.07,0.06986666666666667,0.07,0.0003399346342395193,0,2,15466496,all_reduce,2,2
1563,0.069,0.07100000000000001,0.07000000000000002,0.07,0.0002581988897471614,0,2,15499264,all_reduce,2,2
1564,0.069,0.07,0.06990000000000002,0.07,0.0003000000000000003,0,2,15532032,all_reduce,2,2
1565,0.069,0.07,0.06981666666666668,0.07,0.00038693955887479696,0,2,15564800,all_reduce,2,2
1566,0.069,0.07,0.06981666666666668,0.07,0.0003869395588747969,0,2,15597568,all_reduce,2,2
1567,0.069,0.07100000000000001,0.06995,0.07,0.00038405728739343076,0,2,15630336,all_reduce,2,2
1568,0.069,0.07,0.06988333333333334,0.07,0.000321022671404304,0,2,15663104,all_reduce,2,2
1569,0.069,0.07100000000000001,0.06993333333333335,0.07,0.0003091206165165237,0,2,15695872,all_reduce,2,2
1570,0.069,0.07100000000000001,0.06990000000000002,0.07,0.0003958114029012643,0,2,15728640,all_reduce,2,2
1571,0.07,0.07100000000000001,0.07046666666666668,0.07,0.0004988876515698593,0,2,15761408,all_reduce,2,2
1572,0.07,0.07100000000000001,0.07066666666666668,0.07100000000000001,0.00047140452079103207,0,2,15794176,all_reduce,2,2
1573,0.07,0.07100000000000001,0.07085,0.07100000000000001,0.0003570714214271428,0,2,15826944,all_reduce,2,2
1574,0.07100000000000001,0.07100000000000001,0.071,0.07100000000000001,1.3877787807814457e-17,0,2,15859712,all_reduce,2,2
1575,0.07100000000000001,0.07200000000000001,0.07111666666666666,0.07100000000000001,0.00032102267140430397,0,2,15892480,all_reduce,2,2
1576,0.07,0.07200000000000001,0.07106666666666665,0.07100000000000001,0.0003091206165165238,0,2,15925248,all_reduce,2,2
1577,0.07,0.07200000000000001,0.07095,0.07100000000000001,0.00028431203515386663,0,2,15958016,all_reduce,2,2
1578,0.07,0.07200000000000001,0.07089999999999999,0.07100000000000001,0.00039581140290126425,0,2,15990784,all_reduce,2,2
1579,0.07,0.07200000000000001,0.071,0.07100000000000001,0.00018257418583505553,0,2,16023552,all_reduce,2,2
1580,0.07,0.07200000000000001,0.07101666666666667,0.07100000000000001,0.00022298480267099444,0,2,16056320,all_reduce,2,2
1581,0.07,0.07200000000000001,0.07109999999999998,0.07100000000000001,0.00035118845842842494,0,2,16089088,all_reduce,2,2
1582,0.07100000000000001,0.07200000000000001,0.07116666666666666,0.07100000000000001,0.0003726779962499653,0,2,16121856,all_reduce,2,2
1583,0.07100000000000001,0.07200000000000001,0.07183333333333335,0.07200000000000001,0.0003726779962499652,0,2,16154624,all_reduce,2,2
1584,0.07100000000000001,0.073,0.07203333333333335,0.07200000000000001,0.0002560381915956179,0,2,16187392,all_reduce,2,2
1585,0.07100000000000001,0.07200000000000001,0.07195,0.07200000000000001,0.00021794494717703385,0,2,16220160,all_reduce,2,2
1586,0.07100000000000001,0.073,0.07215,0.07200000000000001,0.00040104031385052757,0,2,16252928,all_reduce,2,2
1587,0.07200000000000001,0.073,0.07235000000000001,0.07200000000000001,0.00047696960070846663,0,2,16285696,all_reduce,2,2
1588,0.07200000000000001,0.073,0.07245000000000003,0.07200000000000001,0.0004974937185533034,0,2,16318464,all_reduce,2,2
1589,0.07200000000000001,0.073,0.07226666666666669,0.07200000000000001,0.0004422166387140475,0,2,16351232,all_reduce,2,2
1590,0.07200000000000001,0.073,0.07236666666666669,0.07200000000000001,0.0004818944098266924,0,2,16384000,all_reduce,2,2
1591,0.07200000000000001,0.073,0.07243333333333335,0.07200000000000001,0.0004955356249106104,0,2,16416768,all_reduce,2,2
1592,0.07100000000000001,0.073,0.07221666666666667,0.07200000000000001,0.0004506168611531872,0,2,16449536,all_reduce,2,2
1593,0.07200000000000001,0.076,0.07253333333333335,0.07200000000000001,0.0007630348761506349,0,2,16482304,all_reduce,2,2
1594,0.07200000000000001,0.073,0.07265000000000002,0.073,0.00047696960070846663,0,2,16515072,all_reduce,2,2
1595,0.07200000000000001,0.074,0.07303333333333335,0.073,0.00025603819159561957,0,2,16547840,all_reduce,2,2
1596,0.07200000000000001,0.074,0.0730166666666667,0.073,0.00028819360776317503,0,2,16580608,all_reduce,2,2
1597,0.073,0.074,0.07311666666666669,0.073,0.00032102267140430397,0,2,16613376,all_reduce,2,2
1598,0.073,0.074,0.07376666666666667,0.074,0.0004229525846816511,0,2,16646144,all_reduce,2,2
1599,0.073,0.075,0.07374999999999998,0.074,0.0005041494487418063,0,2,16678912,all_reduce,2,2
1600,0.074,0.075,0.07404999999999999,0.074,0.00021794494717703388,0,2,16711680,all_reduce,2,2
1601,0.073,0.074,0.07386666666666668,0.074,0.0003399346342395193,0,2,16744448,all_reduce,2,2
1602,0.073,0.075,0.07386666666666668,0.074,0.00038586123009300784,0,2,16777216,all_reduce,2,2
1603,0.073,0.075,0.07398333333333333,0.074,0.00034115815817431234,0,2,16777216,all_reduce,2,2
1604,0.073,0.075,0.07408333333333332,0.074,0.00041998677227847214,0,2,16908288,all_reduce,2,2
1605,0.074,0.077,0.07491666666666669,0.075,0.0004930066485916351,0,2,17039360,all_reduce,2,2
1606,0.074,0.076,0.07498333333333335,0.075,0.00028819360776317655,0,2,17170432,all_reduce,2,2
1607,0.074,0.076,0.07513333333333334,0.075,0.00042687494916219024,0,2,17301504,all_reduce,2,2
1608,0.076,0.077,0.07621666666666665,0.076,0.0004119735698102762,0,2,17432576,all_reduce,2,2
1609,0.076,0.077,0.07618333333333331,0.076,0.0003869395588747969,0,2,17563648,all_reduce,2,2
1610,0.076,0.077,0.07639999999999998,0.076,0.000489897948556636,0,2,17694720,all_reduce,2,2
1611,0.077,0.079,0.0780666666666667,0.078,0.0003590109871423005,0,2,17825792,all_reduce,2,2
1612,0.077,0.079,0.0779666666666667,0.078,0.0003144660377352204,0,2,17956864,all_reduce,2,2
1613,0.077,0.078,0.07795000000000002,0.078,0.00021794494717703383,0,2,18087936,all_reduce,2,2
1614,0.079,0.08,0.07983333333333335,0.08,0.0003726779962499653,0,2,18219008,all_reduce,2,2
1615,0.079,0.08,0.07949999999999999,0.0795,0.0005000000000000004,0,2,18350080,all_reduce,2,2
1616,0.078,0.08,0.07899999999999999,0.079,0.0002581988897471614,0,2,18481152,all_reduce,2,2
1617,0.081,0.082,0.08106666666666669,0.081,0.00024944382578492966,0,2,18612224,all_reduce,2,2
1618,0.08,0.081,0.08045000000000001,0.08,0.0004974937185533104,0,2,18743296,all_reduce,2,2
1619,0.079,0.081,0.08005000000000001,0.08,0.00028431203515386663,0,2,18874368,all_reduce,2,2
1620,0.082,0.084,0.08285000000000003,0.083,0.00040104031385053245,0,2,19005440,all_reduce,2,2
1621,0.082,0.084,0.08308333333333336,0.083,0.0003782268572636742,0,2,19136512,all_reduce,2,2
1622,0.082,0.084,0.08316666666666667,0.083,0.0004533823502911818,0,2,19267584,all_reduce,2,2
1623,0.084,0.085,0.08434999999999997,0.084,0.0004769696007084733,0,2,19398656,all_reduce,2,2
1624,0.084,0.08600000000000001,0.08444999999999998,0.084,0.0005299371031861553,0,2,19529728,all_reduce,2,2
1625,0.084,0.08600000000000001,0.08479999999999999,0.085,0.0004396968652757644,0,2,19660800,all_reduce,2,2
1626,0.08600000000000001,0.08700000000000001,0.08615000000000002,0.08600000000000001,0.0003570714214271428,0,2,19791872,all_reduce,2,2
1627,0.085,0.08700000000000001,0.08596666666666669,0.08600000000000001,0.00025603819159562044,0,2,19922944,all_reduce,2,2
1628,0.085,0.08700000000000001,0.08593333333333335,0.08600000000000001,0.0004422166387140537,0,2,20054016,all_reduce,2,2
1629,0.08600000000000001,0.088,0.08708333333333332,0.08700000000000001,0.0003312434485725263,0,2,20185088,all_reduce,2,2
1630,0.08600000000000001,0.088,0.08713333333333333,0.08700000000000001,0.0003858612300930032,0,2,20316160,all_reduce,2,2
1631,0.08600000000000001,0.088,0.08719999999999999,0.08700000000000001,0.00043969686527575887,0,2,20447232,all_reduce,2,2
1632,0.08700000000000001,0.089,0.08831666666666665,0.088,0.0004997221450188315,0,2,20578304,all_reduce,2,2
1633,0.08700000000000001,0.089,0.08858333333333333,0.089,0.0005565269285687991,0,2,20709376,all_reduce,2,2
1634,0.088,0.09,0.0885,0.088,0.0005322906474223775,0,2,20840448,all_reduce,2,2
1635,0.089,0.091,0.08965,0.09,0.0005107184482014859,0,2,20971520,all_reduce,2,2
1636,0.089,0.091,0.08983333333333335,0.09,0.0004533823502911818,0,2,21102592,all_reduce,2,2
1637,0.089,0.091,0.08991666666666666,0.09,0.0003782268572636742,0,2,21233664,all_reduce,2,2
1638,0.09,0.092,0.09103333333333333,0.091,0.0004818944098266991,0,2,21364736,all_reduce,2,2
1639,0.09,0.092,0.09081666666666664,0.091,0.0006950219820664354,0,2,21495808,all_reduce,2,2
1640,0.09,0.092,0.09133333333333331,0.091,0.0005055250296034372,0,2,21626880,all_reduce,2,2
1641,0.092,0.093,0.09246666666666666,0.092,0.0004988876515698593,0,2,21757952,all_reduce,2,2
1642,0.091,0.094,0.09264999999999997,0.093,0.0007488880646220332,0,2,21889024,all_reduce,2,2
1643,0.092,0.094,0.09278333333333331,0.093,0.0004861984048604945,0,2,22020096,all_reduce,2,2
1644,0.093,0.095,0.09396666666666666,0.094,0.0005153208277913439,0,2,22151168,all_reduce,2,2
1645,0.093,0.095,0.09379999999999998,0.094,0.0005715476066494087,0,2,22282240,all_reduce,2,2
1646,0.093,0.095,0.09403333333333334,0.094,0.0004459696053419888,0,2,22413312,all_reduce,2,2
1647,0.094,0.096,0.09509999999999998,0.095,0.00047258156262526123,0,2,22544384,all_reduce,2,2
1648,0.094,0.096,0.09504999999999998,0.095,0.0005894913061275802,0,2,22675456,all_reduce,2,2
1649,0.094,0.096,0.09505,0.095,0.0004974937185533104,0,2,22806528,all_reduce,2,2
1650,0.095,0.097,0.09601666666666665,0.096,0.0003411581581743123,0,2,22937600,all_reduce,2,2
1651,0.095,0.097,0.09606666666666668,0.096,0.0006018490028422601,0,2,23068672,all_reduce,2,2
1652,0.096,0.097,0.09640000000000001,0.096,0.000489897948556636,0,2,23199744,all_reduce,2,2
1653,0.097,0.098,0.09736666666666667,0.097,0.00048189440982669907,0,2,23330816,all_reduce,2,2
1654,0.096,0.098,0.09766666666666664,0.098,0.000505525029603437,0,2,23461888,all_reduce,2,2
1655,0.097,0.099,0.0978333333333333,0.098,0.0004533823502911819,0,2,23592960,all_reduce,2,2
1656,0.098,0.1,0.09886666666666666,0.099,0.0004988876515698593,0,2,23724032,all_reduce,2,2
1657,0.098,0.1,0.09908333333333334,0.099,0.0003782268572636743,0,2,23855104,all_reduce,2,2
1658,0.098,0.1,0.09915,0.099,0.00044064346888007653,0,2,23986176,all_reduce,2,2
1659,0.1,0.10200000000000001,0.10089999999999999,0.101,0.0004725815626252613,0,2,24117248,all_reduce,2,2
1660,0.1,0.10200000000000001,0.10076666666666664,0.101,0.0004606758320361755,0,2,24248320,all_reduce,2,2
1661,0.099,0.101,0.10011666666666663,0.1,0.0004119735698102762,0,2,24379392,all_reduce,2,2
1662,0.10200000000000001,0.10300000000000001,0.10226666666666669,0.10200000000000001,0.0004422166387140537,0,2,24510464,all_reduce,2,2
1663,0.101,0.10300000000000001,0.10211666666666668,0.10200000000000001,0.0005799904213768444,0,2,24641536,all_reduce,2,2
1664,0.101,0.10200000000000001,0.1016,0.10200000000000001,0.000489897948556636,0,2,24772608,all_reduce,2,2
1665,0.10300000000000001,0.105,0.10393333333333335,0.10400000000000001,0.000478423336480242,0,2,24903680,all_reduce,2,2
1666,0.10200000000000001,0.105,0.10381666666666667,0.10400000000000001,0.000499722145018831,0,2,25034752,all_reduce,2,2
1667,0.10200000000000001,0.10400000000000001,0.10274999999999998,0.10300000000000001,0.00046992907266238984,0,2,25165824,all_reduce,2,2
1668,0.105,0.107,0.1054666666666667,0.105,0.0005312459150169747,0,2,25296896,all_reduce,2,2
1669,0.105,0.108,0.10576666666666669,0.106,0.0005587684871413408,0,2,25427968,all_reduce,2,2
1670,0.105,0.107,0.10603333333333334,0.106,0.00040688518719112377,0,2,25559040,all_reduce,2,2
1671,0.107,0.109,0.10746666666666665,0.107,0.0005312459150169748,0,2,25690112,all_reduce,2,2
1672,0.107,0.109,0.1077333333333333,0.108,0.0005120763831912411,0,2,25821184,all_reduce,2,2
1673,0.107,0.109,0.10771666666666666,0.108,0.0005193478816960965,0,2,25952256,all_reduce,2,2
1674,0.108,0.11,0.10891666666666665,0.109,0.0004930066485916352,0,2,26083328,all_reduce,2,2
1675,0.108,0.111,0.10931666666666666,0.109,0.0005320296566504126,0,2,26214400,all_reduce,2,2
1676,0.109,0.11,0.10945000000000002,0.109,0.0004974937185533104,0,2,26345472,all_reduce,2,2
1677,0.11,0.112,0.11074999999999999,0.111,0.0005664215155988814,0,2,26476544,all_reduce,2,2
1678,0.11,0.112,0.11095000000000001,0.111,0.0004974937185533104,0,2,26607616,all_reduce,2,2
1679,0.11,0.112,0.11081666666666666,0.111,0.0004997221450188321,0,2,26738688,all_reduce,2,2
1680,0.111,0.113,0.11203333333333336,0.112,0.00036362373715452415,0,2,26869760,all_reduce,2,2
1681,0.111,0.113,0.11230000000000002,0.112,0.0005567764362830027,0,2,27000832,all_reduce,2,2
1682,0.111,0.113,0.11213333333333335,0.112,0.00038586123009300784,0,2,27131904,all_reduce,2,2
1683,0.113,0.114,0.11323333333333337,0.113,0.000422952584681651,0,2,27262976,all_reduce,2,2
1684,0.112,0.114,0.11328333333333336,0.113,0.0005505048188304587,0,2,27394048,all_reduce,2,2
1685,0.112,0.114,0.11291666666666669,0.113,0.00045795438880113663,0,2,27525120,all_reduce,2,2
1686,0.113,0.115,0.11398333333333334,0.114,0.0004997221450188321,0,2,27656192,all_reduce,2,2
1687,0.113,0.115,0.11424999999999999,0.114,0.0005041494487418063,0,2,27787264,all_reduce,2,2
1688,0.113,0.115,0.11405,0.114,0.00046278144589716105,0,2,27918336,all_reduce,2,2
1689,0.114,0.116,0.11516666666666667,0.115,0.0004149966532662915,0,2,28049408,all_reduce,2,2
1690,0.115,0.116,0.11553333333333332,0.116,0.0004988876515698592,0,2,28180480,all_reduce,2,2
1691,0.115,0.116,0.11545000000000002,0.115,0.0004974937185533104,0,2,28311552,all_reduce,2,2
1692,0.116,0.11800000000000001,0.11644999999999998,0.116,0.0005299371031861554,0,2,28442624,all_reduce,2,2
1693,0.116,0.11800000000000001,0.11678333333333334,0.117,0.0004506168611531929,0,2,28573696,all_reduce,2,2
1694,0.116,0.117,0.11641666666666665,0.116,0.0004930066485916352,0,2,28704768,all_reduce,2,2
1695,0.117,0.11900000000000001,0.1177666666666667,0.11800000000000001,0.0004955356249106174,0,2,28835840,all_reduce,2,2
1696,0.116,0.11800000000000001,0.11786666666666669,0.11800000000000001,0.00038586123009300784,0,2,28966912,all_reduce,2,2
1697,0.117,0.11800000000000001,0.11763333333333335,0.11800000000000001,0.00048189440982669907,0,2,29097984,all_reduce,2,2
1698,0.11800000000000001,0.11900000000000001,0.11853333333333334,0.11900000000000001,0.0004988876515698593,0,2,29229056,all_reduce,2,2
1699,0.11800000000000001,0.11900000000000001,0.11885,0.11900000000000001,0.0003570714214271428,0,2,29360128,all_reduce,2,2
1700,0.11800000000000001,0.12,0.11891666666666666,0.11900000000000001,0.00041998677227847035,0,2,29491200,all_reduce,2,2
1701,0.11900000000000001,0.121,0.12006666666666668,0.12,0.0003091206165165229,0,2,29622272,all_reduce,2,2
1702,0.11900000000000001,0.121,0.12016666666666669,0.12,0.0005527707983925647,0,2,29753344,all_reduce,2,2
1703,0.11900000000000001,0.121,0.11995000000000001,0.12,0.00038405728739342735,0,2,29884416,all_reduce,2,2
1704,0.12,0.122,0.12128333333333335,0.121,0.00048619840486049454,0,2,30015488,all_reduce,2,2
1705,0.12,0.122,0.12128333333333335,0.121,0.00048619840486049454,0,2,30146560,all_reduce,2,2
1706,0.121,0.122,0.12125000000000001,0.121,0.0004330127018922197,0,2,30277632,all_reduce,2,2
1707,0.122,0.124,0.1231,0.123,0.00043588989435406776,0,2,30408704,all_reduce,2,2
1708,0.122,0.124,0.12276666666666668,0.123,0.0004606758320361756,0,2,30539776,all_reduce,2,2
1709,0.122,0.123,0.12221666666666667,0.122,0.0004119735698102762,0,2,30670848,all_reduce,2,2
1710,0.123,0.126,0.12439999999999998,0.124,0.0005537749241945389,0,2,30801920,all_reduce,2,2
1711,0.123,0.125,0.12406666666666664,0.124,0.000512076383191241,0,2,30932992,all_reduce,2,2
1712,0.123,0.124,0.12348333333333332,0.123,0.0004997221450188321,0,2,31064064,all_reduce,2,2
1713,0.124,0.127,0.12585000000000002,0.126,0.0005423713365090998,0,2,31195136,all_reduce,2,2
1714,0.124,0.126,0.12551666666666667,0.126,0.0005913731666403395,0,2,31326208,all_reduce,2,2
1715,0.124,0.126,0.12473333333333332,0.125,0.0005436502143433369,0,2,31457280,all_reduce,2,2
1716,0.126,0.128,0.12718333333333331,0.127,0.00046517619123176245,0,2,31588352,all_reduce,2,2
1717,0.126,0.128,0.12743333333333332,0.127,0.0005280993172584958,0,2,31719424,all_reduce,2,2
1718,0.126,0.129,0.12768333333333334,0.128,0.0006452820227535319,0,2,31850496,all_reduce,2,2
1719,0.128,0.131,0.12918333333333332,0.129,0.0006189148209209053,0,2,31981568,all_reduce,2,2
1720,0.128,0.13,0.12934999999999997,0.129,0.0005423713365090998,0,2,32112640,all_reduce,2,2
1721,0.128,0.131,0.12916666666666668,0.129,0.0006368324391514273,0,2,32243712,all_reduce,2,2
1722,0.13,0.132,0.13076666666666667,0.131,0.0005587684871413409,0,2,32374784,all_reduce,2,2
1723,0.129,0.132,0.13073333333333334,0.131,0.0005436502143433368,0,2,32505856,all_reduce,2,2
1724,0.13,0.132,0.13045,0.13,0.0005299371031861554,0,2,32636928,all_reduce,2,2
1725,0.131,0.133,0.13211666666666666,0.132,0.0005193478816960966,0,2,32768000,all_reduce,2,2
1726,0.131,0.133,0.1321,0.132,0.0005972157622389644,0,2,32899072,all_reduce,2,2
1727,0.131,0.133,0.13194999999999998,0.132,0.0005894913061275802,0,2,33030144,all_reduce,2,2
1728,0.132,0.134,0.13313333333333335,0.133,0.0005312459150169747,0,2,33161216,all_reduce,2,2
1729,0.132,0.135,0.13333333333333333,0.133,0.0005962847939999444,0,2,33292288,all_reduce,2,2
1730,0.132,0.134,0.13321666666666668,0.133,0.0005193478816960965,0,2,33423360,all_reduce,2,2
1731,0.133,0.135,0.13421666666666668,0.134,0.0004861984048604945,0,2,33554432,all_reduce,2,2
1732,0.133,0.135,0.13453333333333334,0.135,0.0005312459150169748,0,2,33685504,all_reduce,2,2
1733,0.133,0.135,0.13426666666666667,0.134,0.0005436502143433368,0,2,33816576,all_reduce,2,2
1734,0.134,0.137,0.13556666666666667,0.136,0.000642045342808608,0,2,33947648,all_reduce,2,2
1735,0.134,0.137,0.13555,0.136,0.0005894913061275805,0,2,34078720,all_reduce,2,2
1736,0.135,0.137,0.13536666666666666,0.135,0.000515320827791344,0,2,34209792,all_reduce,2,2
1737,0.136,0.138,0.13655,0.137,0.0005299371031861554,0,2,34340864,all_reduce,2,2
1738,0.136,0.138,0.1368166666666667,0.137,0.0006950219820664354,0,2,34471936,all_reduce,2,2
1739,0.136,0.137,0.13636666666666664,0.136,0.00048189440982669907,0,2,34603008,all_reduce,2,2
1740,0.137,0.139,0.1380666666666667,0.138,0.0006289320754704409,0,2,34734080,all_reduce,2,2
1741,0.137,0.139,0.13806666666666664,0.138,0.000512076383191241,0,2,34865152,all_reduce,2,2
1742,0.136,0.139,0.13751666666666668,0.138,0.0006452820227535319,0,2,34996224,all_reduce,2,2
1743,0.138,0.14,0.13879999999999998,0.139,0.0005416025603090644,0,2,35127296,all_reduce,2,2
1744,0.137,0.14,0.13858333333333336,0.139,0.0006656241849238625,0,2,35258368,all_reduce,2,2
1745,0.138,0.14,0.13854999999999998,0.139,0.0005299371031861553,0,2,35389440,all_reduce,2,2
1746,0.139,0.14100000000000001,0.13990000000000002,0.14,0.0005972157622389646,0,2,35520512,all_reduce,2,2
1747,0.139,0.14100000000000001,0.1397,0.14,0.0005567764362830027,0,2,35651584,all_reduce,2,2
1748,0.139,0.14100000000000001,0.13978333333333334,0.14,0.0005505048188304587,0,2,35782656,all_reduce,2,2
1749,0.14,0.14200000000000002,0.14098333333333335,0.14100000000000001,0.0005913731666403395,0,2,35913728,all_reduce,2,2
1750,0.14,0.14300000000000002,0.14115,0.14100000000000001,0.0007708220719898127,0,2,36044800,all_reduce,2,2
1751,0.14,0.14200000000000002,0.14095000000000002,0.14100000000000001,0.0004974937185533104,0,2,36175872,all_reduce,2,2
1752,0.14100000000000001,0.14300000000000002,0.1419,0.14200000000000002,0.0005972157622389646,0,2,36306944,all_reduce,2,2
1753,0.14100000000000001,0.14400000000000002,0.14226666666666665,0.14200000000000002,0.0006289320754704408,0,2,36438016,all_reduce,2,2
1754,0.14100000000000001,0.14400000000000002,0.14215,0.14200000000000002,0.0006788470618138774,0,2,36569088,all_reduce,2,2
1755,0.14300000000000002,0.146,0.14381666666666668,0.14400000000000002,0.0005913731666403352,0,2,36700160,all_reduce,2,2
1756,0.14200000000000002,0.145,0.1439,0.14400000000000002,0.0007461009761866394,0,2,36831232,all_reduce,2,2
1757,0.14200000000000002,0.145,0.14318333333333338,0.14300000000000002,0.0006452820227535306,0,2,36962304,all_reduce,2,2
1758,0.14400000000000002,0.147,0.14563333333333336,0.146,0.0006574360974438655,0,2,37093376,all_reduce,2,2
1759,0.14400000000000002,0.147,0.14516666666666664,0.145,0.0007564537145273412,0,2,37224448,all_reduce,2,2
1760,0.14300000000000002,0.146,0.14426666666666665,0.14400000000000002,0.0005436502143433253,0,2,37355520,all_reduce,2,2
1761,0.146,0.149,0.14695,0.147,0.0006171169527191212,0,2,37486592,all_reduce,2,2
1762,0.145,0.148,0.14611666666666673,0.146,0.000776566517148117,0,2,37617664,all_reduce,2,2
1763,0.14400000000000002,0.147,0.14548333333333333,0.1455,0.0005913731666403372,0,2,37748736,all_reduce,2,2
1764,0.147,0.149,0.14835,0.148,0.0005107184482014858,0,2,37879808,all_reduce,2,2
1765,0.147,0.15,0.1483833333333333,0.148,0.0006605973727535477,0,2,38010880,all_reduce,2,2
1766,0.148,0.15,0.14883333333333326,0.149,0.0006368324391514272,0,2,38141952,all_reduce,2,2
1767,0.149,0.152,0.1507,0.151,0.0006658328118479399,0,2,38273024,all_reduce,2,2
1768,0.15,0.152,0.1507166666666667,0.151,0.0006605973727535477,0,2,38404096,all_reduce,2,2
1769,0.149,0.152,0.1506333333333333,0.151,0.0006574360974438679,0,2,38535168,all_reduce,2,2
1770,0.151,0.153,0.1519833333333333,0.152,0.0005624845676895407,0,2,38666240,all_reduce,2,2
1771,0.151,0.154,0.15239999999999998,0.152,0.0006377042156569669,0,2,38797312,all_reduce,2,2
1772,0.151,0.153,0.15243333333333334,0.153,0.000642045342808608,0,2,38928384,all_reduce,2,2
1773,0.153,0.156,0.15424999999999997,0.154,0.0006982120021884476,0,2,39059456,all_reduce,2,2
1774,0.153,0.156,0.15428333333333333,0.154,0.0007547994582816174,0,2,39190528,all_reduce,2,2
1775,0.152,0.155,0.15406666666666663,0.154,0.000654896090146284,0,2,39321600,all_reduce,2,2
1776,0.153,0.157,0.15501666666666664,0.155,0.0006189148209209053,0,2,39452672,all_reduce,2,2
1777,0.154,0.156,0.15524999999999997,0.155,0.0006224949798994371,0,2,39583744,all_reduce,2,2
1778,0.154,0.156,0.15509999999999996,0.155,0.0006244997998398403,0,2,39714816,all_reduce,2,2
1779,0.155,0.158,0.15621666666666673,0.156,0.0006605973727535478,0,2,39845888,all_reduce,2,2
1780,0.155,0.158,0.15653333333333336,0.157,0.0007408703590297631,0,2,39976960,all_reduce,2,2
1781,0.155,0.157,0.15611666666666668,0.156,0.0005799904213768443,0,2,40108032,all_reduce,2,2
1782,0.156,0.159,0.15736666666666663,0.157,0.0007063206700139036,0,2,40239104,all_reduce,2,2
1783,0.156,0.159,0.1578166666666667,0.158,0.0005913731666403396,0,2,40370176,all_reduce,2,2
1784,0.156,0.159,0.15721666666666664,0.157,0.0007092640943651078,0,2,40501248,all_reduce,2,2
1785,0.157,0.16,0.15878333333333336,0.159,0.0006605973727535477,0,2,40632320,all_reduce,2,2
1786,0.157,0.16,0.15895000000000004,0.159,0.0006689544080129831,0,2,40763392,all_reduce,2,2
1787,0.157,0.159,0.1583666666666667,0.158,0.0006315765107165477,0,2,40894464,all_reduce,2,2
1788,0.159,0.162,0.16025,0.16,0.0006487166818676195,0,2,41025536,all_reduce,2,2
1789,0.158,0.162,0.16018333333333334,0.16,0.0008658650138573701,0,2,41156608,all_reduce,2,2
1790,0.159,0.162,0.15986666666666668,0.16,0.0006944222218666558,0,2,41287680,all_reduce,2,2
1791,0.16,0.162,0.16101666666666667,0.161,0.0006452820227535318,0,2,41418752,all_reduce,2,2
1792,0.159,0.163,0.16083333333333336,0.161,0.0009860132971832704,0,2,41549824,all_reduce,2,2
1793,0.16,0.162,0.16081666666666666,0.161,0.0005624845676895407,0,2,41680896,all_reduce,2,2
1794,0.161,0.164,0.16218333333333337,0.162,0.0007635807459303545,0,2,41811968,all_reduce,2,2
1795,0.161,0.164,0.16265000000000002,0.163,0.0005722761571129803,0,2,41943040,all_reduce,2,2
1796,0.161,0.163,0.16196666666666673,0.162,0.0005763872155263533,0,2,42074112,all_reduce,2,2
1797,0.162,0.165,0.1628833333333334,0.163,0.0007977398629182888,0,2,42205184,all_reduce,2,2
1798,0.162,0.165,0.16354999999999997,0.164,0.000693421468757158,0,2,42336256,all_reduce,2,2
1799,0.162,0.164,0.16313333333333338,0.163,0.0007180219742846012,0,2,42467328,all_reduce,2,2
1800,0.163,0.166,0.1647333333333333,0.165,0.000654896090146284,0,2,42598400,all_reduce,2,2
1801,0.163,0.166,0.16451666666666662,0.165,0.0007186020379103372,0,2,42729472,all_reduce,2,2
1802,0.163,0.166,0.1640833333333333,0.164,0.0007592027982620255,0,2,42860544,all_reduce,2,2
1803,0.164,0.168,0.16623333333333334,0.166,0.0008034647195462641,0,2,42991616,all_reduce,2,2
1804,0.164,0.168,0.16626666666666667,0.166,0.0008919392106839775,0,2,43122688,all_reduce,2,2
1805,0.164,0.167,0.16568333333333338,0.166,0.0007186020379103373,0,2,43253760,all_reduce,2,2
1806,0.166,0.169,0.16765,0.168,0.0006538348415311016,0,2,43384832,all_reduce,2,2
1807,0.165,0.169,0.16734999999999997,0.167,0.0008911602923529909,0,2,43515904,all_reduce,2,2
1808,0.165,0.168,0.16648333333333334,0.167,0.0006189148209209052,0,2,43646976,all_reduce,2,2
1809,0.168,0.17,0.1689166666666667,0.169,0.0006400954789890513,0,2,43778048,all_reduce,2,2
1810,0.167,0.17,0.1684833333333333,0.168,0.0006706133179576908,0,2,43909120,all_reduce,2,2
1811,0.166,0.168,0.16716666666666666,0.167,0.0006101001739241049,0,2,44040192,all_reduce,2,2
1812,0.169,0.171,0.17023333333333335,0.17,0.000738617326872012,0,2,44171264,all_reduce,2,2
1813,0.169,0.17200000000000001,0.17056666666666667,0.171,0.0006155395104206468,0,2,44302336,all_reduce,2,2
1814,0.169,0.17300000000000001,0.17074999999999999,0.171,0.0007216878364870329,0,2,44433408,all_reduce,2,2
1815,0.17200000000000001,0.17400000000000002,0.17278333333333334,0.17300000000000001,0.0006853628398317368,0,2,44564480,all_reduce,2,2
1816,0.171,0.17400000000000002,0.17258333333333334,0.17300000000000001,0.0010213009133235697,0,2,44695552,all_reduce,2,2
1817,0.171,0.17400000000000002,0.17210000000000003,0.17200000000000001,0.000810349718742882,0,2,44826624,all_reduce,2,2
1818,0.17200000000000001,0.176,0.17393333333333336,0.17400000000000002,0.0009463379711052248,0,2,44957696,all_reduce,2,2
1819,0.17300000000000001,0.176,0.17373333333333332,0.17400000000000002,0.0007717224601860144,0,2,45088768,all_reduce,2,2
1820,0.17200000000000001,0.176,0.1744666666666667,0.17450000000000002,0.0008653836657164739,0,2,45219840,all_reduce,2,2
1821,0.17300000000000001,0.177,0.17554999999999998,0.176,0.0006934214687571462,0,2,45350912,all_reduce,2,2
1822,0.17300000000000001,0.178,0.17560000000000003,0.176,0.0009695359714832553,0,2,45481984,all_reduce,2,2
1823,0.17400000000000002,0.177,0.17548333333333332,0.176,0.000718602037910325,0,2,45613056,all_reduce,2,2
1824,0.17500000000000002,0.179,0.17638333333333336,0.176,0.000896133670584664,0,2,45744128,all_reduce,2,2
1825,0.17400000000000002,0.178,0.17653333333333332,0.177,0.0009030811456095968,0,2,45875200,all_reduce,2,2
1826,0.17400000000000002,0.178,0.1762,0.176,0.0007702813338860831,0,2,46006272,all_reduce,2,2
1827,0.176,0.179,0.17780000000000004,0.178,0.0007257180352359087,0,2,46137344,all_reduce,2,2
1828,0.176,0.18,0.1782,0.178,0.0009092121131323912,0,2,46268416,all_reduce,2,2
1829,0.176,0.179,0.17748333333333333,0.1775,0.0006452820227535319,0,2,46399488,all_reduce,2,2
1830,0.177,0.181,0.17893333333333333,0.179,0.0007717224601860157,0,2,46530560,all_reduce,2,2
1831,0.177,0.18,0.179,0.179,0.0007527726527090817,0,2,46661632,all_reduce,2,2
1832,0.177,0.18,0.17876666666666668,0.179,0.0006420453428086079,0,2,46792704,all_reduce,2,2
1833,0.178,0.181,0.17996666666666664,0.18,0.0006046119049072356,0,2,46923776,all_reduce,2,2
1834,0.178,0.181,0.17995,0.18,0.0007836878630339173,0,2,47054848,all_reduce,2,2
1835,0.178,0.181,0.17953333333333335,0.1795,0.0006182412330330475,0,2,47185920,all_reduce,2,2
1836,0.179,0.182,0.18091666666666661,0.181,0.0005565269285688004,0,2,47316992,all_reduce,2,2
1837,0.179,0.182,0.18129999999999996,0.181,0.0006403124237432854,0,2,47448064,all_reduce,2,2
1838,0.179,0.182,0.18059999999999996,0.181,0.000637704215656967,0,2,47579136,all_reduce,2,2
1839,0.181,0.183,0.18214999999999998,0.182,0.0005722761571129803,0,2,47710208,all_reduce,2,2
1840,0.18,0.183,0.18196666666666667,0.182,0.0008556998435328965,0,2,47841280,all_reduce,2,2
1841,0.18,0.183,0.18153333333333332,0.182,0.000740870359029763,0,2,47972352,all_reduce,2,2
1842,0.182,0.184,0.1829666666666667,0.183,0.0005153208277913439,0,2,48103424,all_reduce,2,2
1843,0.181,0.184,0.18308333333333332,0.183,0.0008019074482479612,0,2,48234496,all_reduce,2,2
1844,0.182,0.185,0.18301666666666666,0.183,0.0006452820227535319,0,2,48365568,all_reduce,2,2
1845,0.183,0.186,0.18441666666666665,0.184,0.0005565269285688005,0,2,48496640,all_reduce,2,2
1846,0.182,0.186,0.18434999999999999,0.184,0.0009970790674097359,0,2,48627712,all_reduce,2,2
1847,0.182,0.185,0.18439999999999998,0.184,0.0006633249580710807,0,2,48758784,all_reduce,2,2
1848,0.184,0.187,0.18548333333333333,0.1855,0.0007414325473178415,0,2,48889856,all_reduce,2,2
1849,0.184,0.187,0.18581666666666666,0.186,0.000645282022753532,0,2,49020928,all_reduce,2,2
1850,0.184,0.186,0.18496666666666667,0.185,0.0007295356209413103,0,2,49152000,all_reduce,2,2
1851,0.186,0.188,0.18703333333333333,0.187,0.0006574360974438679,0,2,49283072,all_reduce,2,2
1852,0.185,0.188,0.1865333333333333,0.187,0.0009030811456096051,0,2,49414144,all_reduce,2,2
1853,0.185,0.187,0.1863333333333333,0.186,0.0005676462121975473,0,2,49545216,all_reduce,2,2
1854,0.186,0.189,0.18814999999999998,0.188,0.000702969890298772,0,2,49676288,all_reduce,2,2
1855,0.186,0.189,0.18795,0.188,0.0006171169527191212,0,2,49807360,all_reduce,2,2
1856,0.186,0.189,0.1873333333333333,0.187,0.0006236095644623242,0,2,49938432,all_reduce,2,2
1857,0.188,0.191,0.18958333333333333,0.19,0.0006400954789890513,0,2,50069504,all_reduce,2,2
1858,0.187,0.191,0.18921666666666667,0.189,0.0007323857514239949,0,2,50200576,all_reduce,2,2
1859,0.187,0.189,0.18814999999999998,0.188,0.000702969890298772,0,2,50331648,all_reduce,2,2
1860,0.19,0.192,0.19078333333333336,0.191,0.0006080478782318239,0,2,50462720,all_reduce,2,2
1861,0.19,0.192,0.19076666666666672,0.191,0.0005587684871413409,0,2,50593792,all_reduce,2,2
1862,0.19,0.192,0.19115000000000004,0.191,0.0005722761571129803,0,2,50724864,all_reduce,2,2
1863,0.191,0.194,0.1931000000000001,0.193,0.0007461009761866471,0,2,50855936,all_reduce,2,2
1864,0.191,0.194,0.19276666666666664,0.193,0.0008239471396205525,0,2,50987008,all_reduce,2,2
1865,0.191,0.194,0.19293333333333332,0.193,0.0007039570693980966,0,2,51118080,all_reduce,2,2
1866,0.193,0.196,0.19446666666666668,0.194,0.0008653836657164787,0,2,51249152,all_reduce,2,2
1867,0.193,0.196,0.19470000000000004,0.195,0.0007593857166596351,0,2,51380224,all_reduce,2,2
1868,0.192,0.196,0.1944166666666667,0.195,0.0007808471183414992,0,2,51511296,all_reduce,2,2
1869,0.195,0.197,0.19604999999999997,0.196,0.0005894913061275802,0,2,51642368,all_reduce,2,2
1870,0.193,0.197,0.19581666666666667,0.196,0.0009218037872683231,0,2,51773440,all_reduce,2,2
1871,0.195,0.198,0.19606666666666664,0.196,0.000654896090146284,0,2,51904512,all_reduce,2,2
1872,0.196,0.199,0.19728333333333337,0.197,0.0007092640943651077,0,2,52035584,all_reduce,2,2
1873,0.196,0.199,0.1974166666666667,0.197,0.0006656241849238625,0,2,52166656,all_reduce,2,2
1874,0.196,0.198,0.19733333333333336,0.197,0.0006236095644623241,0,2,52297728,all_reduce,2,2
1875,0.197,0.2,0.19848333333333334,0.199,0.0006189148209209052,0,2,52428800,all_reduce,2,2
1876,0.197,0.201,0.19863333333333333,0.199,0.0007951240294584381,0,2,52559872,all_reduce,2,2
1877,0.197,0.2,0.1984,0.198,0.0006110100926607793,0,2,52690944,all_reduce,2,2
1878,0.198,0.201,0.1996333333333333,0.2,0.0007063206700139036,0,2,52822016,all_reduce,2,2
1879,0.198,0.201,0.19938333333333336,0.199,0.0007765665171481169,0,2,52953088,all_reduce,2,2
1880,0.198,0.201,0.19905,0.199,0.0006171169527191212,0,2,53084160,all_reduce,2,2
1881,0.2,0.202,0.2010166666666667,0.201,0.0005624845676895407,0,2,53215232,all_reduce,2,2
1882,0.199,0.202,0.20075000000000007,0.201,0.0007879297769048549,0,2,53346304,all_reduce,2,2
1883,0.2,0.202,0.20055000000000003,0.201,0.0005299371031861553,0,2,53477376,all_reduce,2,2
1884,0.201,0.203,0.20188333333333336,0.202,0.0005505048188304587,0,2,53608448,all_reduce,2,2
1885,0.2,0.203,0.2019333333333333,0.202,0.0007272474743090484,0,2,53739520,all_reduce,2,2
1886,0.2,0.203,0.20168333333333338,0.202,0.0005624845676895407,0,2,53870592,all_reduce,2,2
1887,0.202,0.20400000000000001,0.20278333333333334,0.203,0.0006348665651580308,0,2,54001664,all_reduce,2,2
1888,0.201,0.20400000000000001,0.20283333333333337,0.203,0.0008399735445569442,0,2,54132736,all_reduce,2,2
1889,0.201,0.20400000000000001,0.20236666666666672,0.202,0.0007063206700139036,0,2,54263808,all_reduce,2,2
1890,0.203,0.20500000000000002,0.20366666666666672,0.20400000000000001,0.0005962847939999446,0,2,54394880,all_reduce,2,2
1891,0.202,0.20500000000000002,0.20371666666666668,0.20400000000000001,0.0008384840818736851,0,2,54525952,all_reduce,2,2
1892,0.203,0.20500000000000002,0.20381666666666667,0.20400000000000001,0.0005913731666403396,0,2,54657024,all_reduce,2,2
1893,0.203,0.20600000000000002,0.2048833333333334,0.20500000000000002,0.0006605973727535476,0,2,54788096,all_reduce,2,2
1894,0.203,0.20600000000000002,0.20525,0.20500000000000002,0.0006487166818676194,0,2,54919168,all_reduce,2,2
1895,0.203,0.20700000000000002,0.20460000000000006,0.20500000000000002,0.000734846922834954,0,2,55050240,all_reduce,2,2
1896,0.20500000000000002,0.20800000000000002,0.20628333333333335,0.20600000000000002,0.0007092640943651078,0,2,55181312,all_reduce,2,2
1897,0.20400000000000001,0.20700000000000002,0.20623333333333335,0.20600000000000002,0.0006674994798166935,0,2,55312384,all_reduce,2,2
1898,0.20500000000000002,0.20800000000000002,0.20584999999999998,0.20600000000000002,0.0005722761571129803,0,2,55443456,all_reduce,2,2
1899,0.20600000000000002,0.209,0.20765,0.20800000000000002,0.0007708220719898077,0,2,55574528,all_reduce,2,2
1900,0.20600000000000002,0.209,0.20760000000000006,0.20800000000000002,0.0007118052168020845,0,2,55705600,all_reduce,2,2
1901,0.20600000000000002,0.20800000000000002,0.2070166666666667,0.20700000000000002,0.000499722145018832,0,2,55836672,all_reduce,2,2
1902,0.20800000000000002,0.21,0.20901666666666666,0.209,0.0005624845676895331,0,2,55967744,all_reduce,2,2
1903,0.20600000000000002,0.21,0.20838333333333334,0.20800000000000002,0.0009676718911329746,0,2,56098816,all_reduce,2,2
1904,0.20700000000000002,0.209,0.20818333333333333,0.20800000000000002,0.0004997221450188215,0,2,56229888,all_reduce,2,2
1905,0.209,0.212,0.2102666666666667,0.21,0.0007717224601860159,0,2,56360960,all_reduce,2,2
1906,0.20800000000000002,0.212,0.21018333333333336,0.21,0.0007635807459303518,0,2,56492032,all_reduce,2,2
1907,0.20800000000000002,0.21,0.20906666666666668,0.209,0.0005120763831912352,0,2,56623104,all_reduce,2,2
1908,0.211,0.213,0.21183333333333332,0.212,0.0005527707983925673,0,2,56754176,all_reduce,2,2
1909,0.21,0.213,0.21180000000000002,0.212,0.0005715476066494087,0,2,56885248,all_reduce,2,2
1910,0.21,0.214,0.2120833333333333,0.212,0.0007592027982620254,0,2,57016320,all_reduce,2,2
1911,0.212,0.215,0.21413333333333334,0.214,0.000694422221866656,0,2,57147392,all_reduce,2,2
1912,0.212,0.216,0.214,0.214,0.0008563488385776761,0,2,57278464,all_reduce,2,2
1913,0.213,0.215,0.21383333333333335,0.214,0.0005821416398857667,0,2,57409536,all_reduce,2,2
1914,0.213,0.217,0.21533333333333332,0.215,0.0009067647005823636,0,2,57540608,all_reduce,2,2
1915,0.214,0.217,0.21545,0.215,0.0006689544080129832,0,2,57671680,all_reduce,2,2
1916,0.213,0.216,0.21496666666666664,0.215,0.0008359957469322976,0,2,57802752,all_reduce,2,2
1917,0.215,0.218,0.21635000000000001,0.216,0.0009278110439811195,0,2,57933824,all_reduce,2,2
1918,0.215,0.219,0.21698333333333336,0.217,0.0009035424112286542,0,2,58064896,all_reduce,2,2
1919,0.214,0.218,0.21646666666666667,0.217,0.0007630348761506404,0,2,58195968,all_reduce,2,2
1920,0.217,0.219,0.21800000000000003,0.218,0.0005773502691896263,0,2,58327040,all_reduce,2,2
1921,0.216,0.219,0.21755,0.218,0.000902311845575945,0,2,58458112,all_reduce,2,2
1922,0.216,0.219,0.2175166666666667,0.218,0.0006950219820664354,0,2,58589184,all_reduce,2,2
1923,0.217,0.22,0.2189,0.219,0.000746100976186647,0,2,58720256,all_reduce,2,2
1924,0.217,0.22,0.21846666666666667,0.218,0.0009568466729604891,0,2,58851328,all_reduce,2,2
1925,0.217,0.22,0.2188,0.219,0.0006000000000000006,0,2,58982400,all_reduce,2,2
1926,0.219,0.222,0.22058333333333338,0.221,0.0006400954789890513,0,2,59113472,all_reduce,2,2
1927,0.219,0.222,0.2202666666666667,0.22,0.000654896090146284,0,2,59244544,all_reduce,2,2
1928,0.218,0.221,0.21975000000000006,0.22,0.0006739188873051915,0,2,59375616,all_reduce,2,2
1929,0.22,0.222,0.22164999999999996,0.222,0.0005423713365090998,0,2,59506688,all_reduce,2,2
1930,0.219,0.223,0.22113333333333335,0.221,0.0008055363982396388,0,2,59637760,all_reduce,2,2
1931,0.22,0.222,0.22103333333333333,0.221,0.0006046119049072357,0,2,59768832,all_reduce,2,2
1932,0.221,0.224,0.22233333333333336,0.222,0.0006992058987801016,0,2,59899904,all_reduce,2,2
1933,0.22,0.224,0.22225,0.222,0.000868427698007536,0,2,60030976,all_reduce,2,2
1934,0.22,0.224,0.22199999999999998,0.222,0.0006055300708194989,0,2,60162048,all_reduce,2,2
1935,0.221,0.225,0.22353333333333333,0.224,0.0007408703590297629,0,2,60293120,all_reduce,2,2
1936,0.221,0.225,0.22310000000000008,0.223,0.000675771164423777,0,2,60424192,all_reduce,2,2
1937,0.222,0.224,0.22306666666666672,0.223,0.0005436502143433368,0,2,60555264,all_reduce,2,2
1938,0.223,0.226,0.22433333333333338,0.224,0.0007226494462892939,0,2,60686336,all_reduce,2,2
1939,0.222,0.225,0.22386666666666669,0.224,0.0009392668535736922,0,2,60817408,all_reduce,2,2
1940,0.223,0.225,0.22405000000000003,0.224,0.0006171169527191211,0,2,60948480,all_reduce,2,2
1941,0.224,0.227,0.2254166666666667,0.225,0.0006902093080282892,0,2,61079552,all_reduce,2,2
1942,0.223,0.227,0.22548333333333334,0.226,0.0007635807459303546,0,2,61210624,all_reduce,2,2
1943,0.224,0.227,0.22533333333333333,0.225,0.0006992058987801016,0,2,61341696,all_reduce,2,2
1944,0.225,0.228,0.22681666666666672,0.227,0.0006706133179576909,0,2,61472768,all_reduce,2,2
1945,0.225,0.228,0.22660000000000005,0.227,0.0006879922480183437,0,2,61603840,all_reduce,2,2
1946,0.225,0.227,0.2262166666666667,0.226,0.0007092640943651078,0,2,61734912,all_reduce,2,2
1947,0.227,0.23,0.2284333333333333,0.229,0.0006920179830675571,0,2,61865984,all_reduce,2,2
1948,0.225,0.229,0.22773333333333332,0.228,0.0008137703743822475,0,2,61997056,all_reduce,2,2
1949,0.226,0.228,0.22765000000000002,0.228,0.0005107184482014859,0,2,62128128,all_reduce,2,2
1950,0.227,0.231,0.22938333333333336,0.229,0.000732385751423995,0,2,62259200,all_reduce,2,2
1951,0.228,0.231,0.22940000000000002,0.229,0.0006377042156569669,0,2,62390272,all_reduce,2,2
1952,0.227,0.23,0.22873333333333332,0.229,0.000654896090146284,0,2,62521344,all_reduce,2,2
1953,0.23,0.232,0.23106666666666667,0.231,0.0005436502143433369,0,2,62652416,all_reduce,2,2
1954,0.229,0.232,0.2304666666666667,0.23,0.0005617433182117578,0,2,62783488,all_reduce,2,2
1955,0.228,0.232,0.2298333333333334,0.23,0.0006871842709362774,0,2,62914560,all_reduce,2,2
1956,0.23,0.233,0.23211666666666667,0.232,0.0006605973727535477,0,2,63045632,all_reduce,2,2
1957,0.231,0.234,0.23186666666666664,0.232,0.0007180219742846011,0,2,63176704,all_reduce,2,2
1958,0.231,0.234,0.23224999999999998,0.232,0.0006487166818676194,0,2,63307776,all_reduce,2,2
1959,0.232,0.23500000000000001,0.23385,0.234,0.0006788470618138773,0,2,63438848,all_reduce,2,2
1960,0.233,0.23500000000000001,0.2342,0.234,0.0005715476066494087,0,2,63569920,all_reduce,2,2
1961,0.232,0.23500000000000001,0.23351666666666668,0.2335,0.0008264717512144966,0,2,63700992,all_reduce,2,2
1962,0.234,0.23700000000000002,0.2356333333333334,0.23600000000000002,0.0008359957469322976,0,2,63832064,all_reduce,2,2
1963,0.234,0.23700000000000002,0.2357833333333334,0.23600000000000002,0.0007092640943651078,0,2,63963136,all_reduce,2,2
1964,0.23500000000000001,0.23700000000000002,0.2358833333333334,0.23600000000000002,0.0006080478782318238,0,2,64094208,all_reduce,2,2
1965,0.23500000000000001,0.23800000000000002,0.23721666666666671,0.23700000000000002,0.0006605973727535477,0,2,64225280,all_reduce,2,2
1966,0.23600000000000002,0.23800000000000002,0.23723333333333335,0.23700000000000002,0.0006674994798166935,0,2,64356352,all_reduce,2,2
1967,0.23600000000000002,0.23800000000000002,0.23708333333333337,0.23700000000000002,0.0006135054106435326,0,2,64487424,all_reduce,2,2
1968,0.23700000000000002,0.24,0.23870000000000005,0.23900000000000002,0.0007810249675906608,0,2,64618496,all_reduce,2,2
1969,0.23800000000000002,0.24,0.23865000000000006,0.23900000000000002,0.0005423713365090974,0,2,64749568,all_reduce,2,2
1970,0.23700000000000002,0.24,0.23840000000000003,0.23800000000000002,0.0007348469228349522,0,2,64880640,all_reduce,2,2
1971,0.23800000000000002,0.241,0.2398666666666667,0.24,0.0006699917080747164,0,2,65011712,all_reduce,2,2
1972,0.23700000000000002,0.241,0.23948333333333333,0.24,0.0008463975950396308,0,2,65142784,all_reduce,2,2
1973,0.23800000000000002,0.241,0.23958333333333334,0.24,0.0005857094463601739,0,2,65273856,all_reduce,2,2
1974,0.23900000000000002,0.242,0.2409,0.241,0.0007681145747868581,0,2,65404928,all_reduce,2,2
1975,0.23900000000000002,0.242,0.2408833333333333,0.241,0.0006080478782318223,0,2,65536000,all_reduce,2,2
1976,0.23900000000000002,0.242,0.24048333333333335,0.2405,0.0006950219820664314,0,2,65667072,all_reduce,2,2
1977,0.241,0.244,0.2423666666666667,0.242,0.0006574360974438679,0,2,65798144,all_reduce,2,2
1978,0.24,0.243,0.24195,0.242,0.0005894913061275804,0,2,65929216,all_reduce,2,2
1979,0.24,0.243,0.24175,0.242,0.0006982120021884477,0,2,66060288,all_reduce,2,2
1980,0.242,0.245,0.24336666666666662,0.243,0.0006315765107165477,0,2,66191360,all_reduce,2,2
1981,0.241,0.244,0.24283333333333335,0.243,0.0006624868971450603,0,2,66322432,all_reduce,2,2
1982,0.241,0.244,0.24284999999999995,0.243,0.0006278269400612459,0,2,66453504,all_reduce,2,2
1983,0.243,0.245,0.24419999999999994,0.244,0.0006782329983125274,0,2,66584576,all_reduce,2,2
1984,0.243,0.246,0.24426666666666666,0.244,0.0007039570693980965,0,2,66715648,all_reduce,2,2
1985,0.242,0.246,0.2438666666666666,0.244,0.0007408703590297629,0,2,66846720,all_reduce,2,2
1986,0.244,0.247,0.24546666666666667,0.245,0.0006446359868604579,0,2,66977792,all_reduce,2,2
1987,0.243,0.246,0.24444999999999997,0.244,0.000845083822272482,0,2,67108864,all_reduce,2,2
1988,0.016,0.033,0.019116666666666664,0.016,0.004996971304922836,0,4,2048,all_reduce,2,2
1989,0.017,0.055,0.023049999999999998,0.0205,0.008118754009493493,0,4,10240,all_reduce,2,2
1990,0.017,0.056,0.03216666666666666,0.0325,0.012146558726194382,0,4,18432,all_reduce,2,2
1991,0.018000000000000002,0.054,0.024066666666666663,0.02,0.006947101713824422,0,4,26624,all_reduce,2,2
1992,0.023,0.039,0.031150000000000004,0.033,0.00607954219767684,0,4,34816,all_reduce,2,2
1993,0.026000000000000002,0.053,0.030166666666666668,0.028,0.004872257063096004,0,4,43008,all_reduce,2,2
1994,0.027,0.055,0.032049999999999995,0.0315,0.004944441323344833,0,4,51200,all_reduce,2,2
1995,0.042,0.068,0.04393333333333333,0.043000000000000003,0.0032754982657435326,0,4,59392,all_reduce,2,2
1996,0.042,0.045,0.04348333333333333,0.043000000000000003,0.0005913731666403363,0,4,67584,all_reduce,2,2
1997,0.043000000000000003,0.057,0.04446666666666666,0.044,0.001755625877635159,0,4,75776,all_reduce,2,2
1998,0.043000000000000003,0.047,0.04405,0.044,0.0008251262529657696,0,4,83968,all_reduce,2,2
1999,0.043000000000000003,0.058,0.04493333333333332,0.045,0.0018785337071473833,0,4,92160,all_reduce,2,2
2000,0.044,0.047,0.045133333333333324,0.045,0.0007180219742846012,0,4,100352,all_reduce,2,2
2001,0.044,0.047,0.045499999999999985,0.046,0.0008850612031567844,0,4,108544,all_reduce,2,2
2002,0.045,0.049,0.04639999999999999,0.046,0.0008793937305515287,0,4,116736,all_reduce,2,2
2003,0.045,0.053,0.04633333333333333,0.046,0.0011352924243950937,0,4,124928,all_reduce,2,2
2004,0.046,0.049,0.04705000000000001,0.047,0.0008836477427874383,0,4,133120,all_reduce,2,2
2005,0.046,0.05,0.047983333333333336,0.048,0.0011029002171043813,0,4,141312,all_reduce,2,2
2006,0.046,0.051000000000000004,0.04795,0.048,0.0010866615541802033,0,4,149504,all_reduce,2,2
2007,0.047,0.051000000000000004,0.048716666666666665,0.049,0.0010015266125049088,0,4,157696,all_reduce,2,2
2008,0.048,0.052000000000000005,0.050549999999999984,0.051000000000000004,0.0009205976319760992,0,4,165888,all_reduce,2,2
2009,0.049,0.054,0.05175,0.052000000000000005,0.0010743214912988864,0,4,174080,all_reduce,2,2
2010,0.048,0.055,0.05126666666666667,0.051000000000000004,0.0015260697523012791,0,4,182272,all_reduce,2,2
2011,0.049,0.056,0.05131666666666666,0.051000000000000004,0.0013477347249696014,0,4,190464,all_reduce,2,2
2012,0.05,0.053,0.051466666666666674,0.051000000000000004,0.0008653836657164772,0,4,198656,all_reduce,2,2
2013,0.05,0.055,0.051933333333333345,0.052000000000000005,0.0011671427600007717,0,4,206848,all_reduce,2,2
2014,0.051000000000000004,0.054,0.05243333333333334,0.052000000000000005,0.0009012337223063828,0,4,215040,all_reduce,2,2
2015,0.051000000000000004,0.055,0.05223333333333333,0.052000000000000005,0.0009374907406950136,0,4,223232,all_reduce,2,2
2016,0.051000000000000004,0.056,0.05294999999999999,0.053,0.0009903703011163703,0,4,231424,all_reduce,2,2
2017,0.051000000000000004,0.056,0.05338333333333333,0.053,0.0008961336705846704,0,4,239616,all_reduce,2,2
2018,0.052000000000000005,0.057,0.05346666666666666,0.053,0.0011614167593456226,0,4,247808,all_reduce,2,2
2019,0.052000000000000005,0.057,0.053983333333333335,0.054,0.0010406995510499446,0,4,256000,all_reduce,2,2
2020,0.054,0.061,0.05785,0.058,0.0013641236503093603,0,4,264192,all_reduce,2,2
2021,0.055,0.061,0.05859999999999999,0.059000000000000004,0.0016248076809271907,0,4,272384,all_reduce,2,2
2022,0.054,0.065,0.05853333333333333,0.058,0.002486407493196202,0,4,280576,all_reduce,2,2
2023,0.056,0.061,0.05823333333333333,0.058,0.0013585122581543218,0,4,288768,all_reduce,2,2
2024,0.056,0.062,0.05838333333333333,0.058,0.0013303090701871575,0,4,296960,all_reduce,2,2
2025,0.055,0.063,0.058750000000000004,0.059000000000000004,0.0015771810295587495,0,4,305152,all_reduce,2,2
2026,0.057,0.063,0.05935000000000001,0.059000000000000004,0.0013016015775446275,0,4,313344,all_reduce,2,2
2027,0.056,0.06,0.05751666666666667,0.057,0.0009914915811823901,0,4,321536,all_reduce,2,2
2028,0.056,0.062,0.058066666666666676,0.058,0.0014360439485692005,0,4,329728,all_reduce,2,2
2029,0.056,0.06,0.057916666666666665,0.058,0.0010048493529988569,0,4,337920,all_reduce,2,2
2030,0.055,0.061,0.057983333333333324,0.058,0.001271372836302903,0,4,346112,all_reduce,2,2
2031,0.057,0.062,0.05846666666666667,0.058,0.0012578641509408794,0,4,354304,all_reduce,2,2
2032,0.056,0.062,0.058499999999999996,0.058,0.0013844373104863448,0,4,362496,all_reduce,2,2
2033,0.056,0.064,0.05951666666666666,0.059000000000000004,0.001884070652131235,0,4,370688,all_reduce,2,2
2034,0.057,0.062,0.05901666666666667,0.059000000000000004,0.0014999074045494334,0,4,378880,all_reduce,2,2
2035,0.057,0.063,0.058750000000000004,0.058,0.0014677079636857813,0,4,387072,all_reduce,2,2
2036,0.056,0.064,0.058516666666666654,0.058,0.0015863129857909147,0,4,395264,all_reduce,2,2
2037,0.057,0.064,0.05984999999999999,0.0595,0.0016209565077447315,0,4,403456,all_reduce,2,2
2038,0.057,0.063,0.059133333333333336,0.059000000000000004,0.0011756794725698919,0,4,411648,all_reduce,2,2
2039,0.057,0.063,0.059300000000000005,0.059000000000000004,0.0015307950004273365,0,4,419840,all_reduce,2,2
2040,0.057,0.064,0.059500000000000004,0.059000000000000004,0.0016482313753434807,0,4,428032,all_reduce,2,2
2041,0.058,0.066,0.06083333333333333,0.06,0.0020507451220362696,0,4,436224,all_reduce,2,2
2042,0.057,0.063,0.059699999999999996,0.0595,0.001519868415357065,0,4,444416,all_reduce,2,2
2043,0.057,0.063,0.06006666666666667,0.06,0.0014360439485691994,0,4,452608,all_reduce,2,2
2044,0.057,0.063,0.05983333333333333,0.06,0.0015293426329272602,0,4,460800,all_reduce,2,2
2045,0.057,0.066,0.06198333333333333,0.062,0.0022247971193396993,0,4,468992,all_reduce,2,2
2046,0.057,0.067,0.06251666666666666,0.063,0.002404798443852532,0,4,477184,all_reduce,2,2
2047,0.057,0.066,0.06195,0.062,0.0020850659461993048,0,4,485376,all_reduce,2,2
2048,0.058,0.066,0.06208333333333334,0.062,0.001977301752950779,0,4,493568,all_reduce,2,2
2049,0.058,0.067,0.0623,0.062,0.002193171219946132,0,4,501760,all_reduce,2,2
2050,0.057,0.067,0.06163333333333334,0.061,0.002309160501615733,0,4,509952,all_reduce,2,2
2051,0.059000000000000004,0.066,0.06250000000000001,0.063,0.0018027756377319956,0,4,518144,all_reduce,2,2
2052,0.059000000000000004,0.068,0.06288333333333333,0.063,0.0022955875549022804,0,4,526336,all_reduce,2,2
2053,0.057,0.068,0.0618,0.062,0.0024684678108764825,0,4,534528,all_reduce,2,2
2054,0.058,0.068,0.06255,0.062,0.0022907422377910626,0,4,542720,all_reduce,2,2
2055,0.058,0.067,0.06271666666666667,0.062,0.0022367511161404527,0,4,550912,all_reduce,2,2
2056,0.058,0.067,0.0625,0.062,0.0019958289839896947,0,4,559104,all_reduce,2,2
2057,0.058,0.068,0.06251666666666666,0.062,0.0022839415248400935,0,4,567296,all_reduce,2,2
2058,0.057,0.067,0.06283333333333332,0.063,0.002222361106771106,0,4,575488,all_reduce,2,2
2059,0.058,0.066,0.062150000000000004,0.062,0.002166602563154274,0,4,583680,all_reduce,2,2
2060,0.058,0.066,0.06186666666666666,0.061,0.002036882148993626,0,4,591872,all_reduce,2,2
2061,0.057,0.067,0.062416666666666676,0.062,0.0023115050412135293,0,4,600064,all_reduce,2,2
2062,0.058,0.067,0.06235,0.063,0.002495495942693557,0,4,608256,all_reduce,2,2
2063,0.06,0.065,0.06153333333333333,0.061,0.0011897712198383175,0,4,616448,all_reduce,2,2
2064,0.06,0.065,0.06155,0.061,0.0012573119475028209,0,4,624640,all_reduce,2,2
2065,0.059000000000000004,0.064,0.06168333333333333,0.062,0.0010565930573730314,0,4,632832,all_reduce,2,2
2066,0.06,0.065,0.061349999999999995,0.061,0.0009970790674097359,0,4,641024,all_reduce,2,2
2067,0.06,0.065,0.06173333333333333,0.0615,0.0012092238098144713,0,4,649216,all_reduce,2,2
2068,0.06,0.152,0.06361666666666667,0.062,0.011604728442416145,0,4,657408,all_reduce,2,2
2069,0.06,0.066,0.06213333333333334,0.062,0.0014996295838936005,0,4,665600,all_reduce,2,2
2070,0.06,0.068,0.06268333333333334,0.062,0.0017271524413193992,0,4,673792,all_reduce,2,2
2071,0.059000000000000004,0.066,0.062200000000000005,0.062,0.001411854572303159,0,4,681984,all_reduce,2,2
2072,0.06,0.065,0.061849999999999995,0.062,0.0012359207094308287,0,4,690176,all_reduce,2,2
2073,0.059000000000000004,0.068,0.06323333333333334,0.063,0.0016868774571840005,0,4,698368,all_reduce,2,2
2074,0.06,0.069,0.06346666666666666,0.063,0.0017461067804945074,0,4,706560,all_reduce,2,2
2075,0.06,0.068,0.06363333333333333,0.064,0.001662995957768858,0,4,714752,all_reduce,2,2
2076,0.061,0.068,0.064,0.064,0.0017029386365926416,0,4,722944,all_reduce,2,2
2077,0.061,0.068,0.06413333333333332,0.064,0.0017745108872274905,0,4,731136,all_reduce,2,2
2078,0.06,0.068,0.06365000000000001,0.063,0.001787223172037189,0,4,739328,all_reduce,2,2
2079,0.061,0.068,0.06401666666666667,0.064,0.001596784964302403,0,4,747520,all_reduce,2,2
2080,0.06,0.068,0.06344999999999999,0.063,0.0016675830813885522,0,4,755712,all_reduce,2,2
2081,0.06,0.068,0.0643,0.064,0.0019347695814575284,0,4,763904,all_reduce,2,2
2082,0.06,0.068,0.06445,0.064,0.0020035385363567815,0,4,772096,all_reduce,2,2
2083,0.059000000000000004,0.069,0.0644,0.064,0.0020099751242241798,0,4,780288,all_reduce,2,2
2084,0.06,0.069,0.06481666666666668,0.0645,0.0020533847396162503,0,4,788480,all_reduce,2,2
2085,0.06,0.07,0.0637,0.063,0.0022605309110914646,0,4,796672,all_reduce,2,2
2086,0.061,0.07,0.06495000000000001,0.064,0.0021788758569500945,0,4,804864,all_reduce,2,2
2087,0.061,0.07,0.06515,0.065,0.0021120684963640123,0,4,813056,all_reduce,2,2
2088,0.06,0.068,0.06386666666666667,0.063,0.0021171259344267244,0,4,821248,all_reduce,2,2
2089,0.06,0.069,0.06416666666666666,0.064,0.0020096987059977163,0,4,829440,all_reduce,2,2
2090,0.06,0.07100000000000001,0.06585,0.066,0.0024140215409146643,0,4,837632,all_reduce,2,2
2091,0.06,0.069,0.06448333333333334,0.065,0.0022839415248400953,0,4,845824,all_reduce,2,2
2092,0.061,0.07,0.06493333333333333,0.065,0.0021822516404443894,0,4,854016,all_reduce,2,2
2093,0.06,0.069,0.06480000000000001,0.064,0.002080064101576361,0,4,862208,all_reduce,2,2
2094,0.06,0.07,0.06458333333333334,0.064,0.0024103365371296666,0,4,870400,all_reduce,2,2
2095,0.061,0.069,0.06493333333333334,0.065,0.0023012074125457627,0,4,878592,all_reduce,2,2
2096,0.061,0.07100000000000001,0.06488333333333333,0.065,0.0022217985707279806,0,4,886784,all_reduce,2,2
2097,0.061,0.069,0.0646,0.064,0.0019339079605813735,0,4,894976,all_reduce,2,2
2098,0.061,0.07100000000000001,0.06491666666666666,0.0645,0.002170189443855589,0,4,903168,all_reduce,2,2
2099,0.061,0.07100000000000001,0.06531666666666668,0.065,0.0025396303318046573,0,4,911360,all_reduce,2,2
2100,0.062,0.07200000000000001,0.06631666666666668,0.066,0.002283941524840095,0,4,919552,all_reduce,2,2
2101,0.063,0.07,0.06580000000000001,0.0655,0.0015684387141358138,0,4,927744,all_reduce,2,2
2102,0.063,0.07,0.06565,0.065,0.0013762872762133167,0,4,935936,all_reduce,2,2
2103,0.064,0.07,0.06643333333333333,0.0665,0.001605891929392789,0,4,944128,all_reduce,2,2
2104,0.062,0.07100000000000001,0.06585,0.065,0.001777873261324704,0,4,952320,all_reduce,2,2
2105,0.064,0.069,0.06578333333333333,0.066,0.0013303090701871597,0,4,960512,all_reduce,2,2
2106,0.063,0.07,0.0659,0.066,0.0017097758137642896,0,4,968704,all_reduce,2,2
2107,0.063,0.07100000000000001,0.06631666666666666,0.066,0.0018483476104047352,0,4,976896,all_reduce,2,2
2108,0.063,0.069,0.06583333333333334,0.066,0.001439521525445947,0,4,985088,all_reduce,2,2
2109,0.063,0.07200000000000001,0.06598333333333334,0.066,0.0019535580075566977,0,4,993280,all_reduce,2,2
2110,0.063,0.07,0.06616666666666667,0.066,0.0017904065335994396,0,4,1001472,all_reduce,2,2
2111,0.063,0.07100000000000001,0.06580000000000001,0.065,0.0018511257835886444,0,4,1009664,all_reduce,2,2
2112,0.063,0.07,0.06611666666666667,0.066,0.0016030353153384444,0,4,1017856,all_reduce,2,2
2113,0.062,0.07200000000000001,0.06606666666666668,0.066,0.002048305532764964,0,4,1026048,all_reduce,2,2
2114,0.063,0.07200000000000001,0.06681666666666668,0.067,0.0018928960762692603,0,4,1034240,all_reduce,2,2
2115,0.063,0.07100000000000001,0.06701666666666667,0.067,0.0018483476104047352,0,4,1042432,all_reduce,2,2
2116,0.064,0.07100000000000001,0.06686666666666666,0.067,0.0016878651868229566,0,4,1048576,all_reduce,2,2
2117,0.063,0.07,0.06653333333333333,0.066,0.0018116904322268272,0,4,1081344,all_reduce,2,2
2118,0.064,0.07,0.06691666666666668,0.067,0.0015307042678308438,0,4,1114112,all_reduce,2,2
2119,0.062,0.074,0.06836666666666669,0.068,0.002198231612506341,0,4,1146880,all_reduce,2,2
2120,0.063,0.073,0.0671,0.067,0.002165640782770773,0,4,1179648,all_reduce,2,2
2121,0.063,0.07200000000000001,0.06771666666666668,0.068,0.0020501354968771117,0,4,1212416,all_reduce,2,2
2122,0.067,0.074,0.06888333333333334,0.069,0.0014729976993268599,0,4,1245184,all_reduce,2,2
2123,0.066,0.075,0.06868333333333335,0.0685,0.001565158848878357,0,4,1277952,all_reduce,2,2
2124,0.066,0.07200000000000001,0.06883333333333334,0.069,0.0013186693629901667,0,4,1310720,all_reduce,2,2
2125,0.067,0.074,0.06993333333333333,0.07,0.0015797327481430377,0,4,1343488,all_reduce,2,2
2126,0.067,0.075,0.07001666666666667,0.07,0.0018119204054139774,0,4,1376256,all_reduce,2,2
2127,0.067,0.073,0.06954999999999999,0.069,0.0015960889699512357,0,4,1409024,all_reduce,2,2
2128,0.066,0.076,0.07014999999999999,0.07,0.0018781639970992937,0,4,1441792,all_reduce,2,2
2129,0.068,0.076,0.0708,0.07,0.0017869900204906927,0,4,1474560,all_reduce,2,2
2130,0.068,0.076,0.07043333333333335,0.07,0.0018829645656664778,0,4,1507328,all_reduce,2,2
2131,0.069,0.076,0.07210000000000001,0.07200000000000001,0.0012069244660154411,0,4,1540096,all_reduce,2,2
2132,0.07,0.076,0.07243333333333335,0.07200000000000001,0.001430229196861658,0,4,1572864,all_reduce,2,2
2133,0.07,0.077,0.07251666666666666,0.07200000000000001,0.001322770661234294,0,4,1605632,all_reduce,2,2
2134,0.07,0.076,0.07235,0.07200000000000001,0.0013518505834595733,0,4,1638400,all_reduce,2,2
2135,0.069,0.077,0.07273333333333334,0.073,0.0015902480589168708,0,4,1671168,all_reduce,2,2
2136,0.07,0.077,0.07313333333333334,0.073,0.001477234653744019,0,4,1703936,all_reduce,2,2
2137,0.069,0.077,0.073,0.073,0.0016329931618554482,0,4,1736704,all_reduce,2,2
2138,0.07100000000000001,0.079,0.07355,0.073,0.0018387042539063545,0,4,1769472,all_reduce,2,2
2139,0.07100000000000001,0.079,0.07446666666666667,0.0745,0.0018926759422104506,0,4,1802240,all_reduce,2,2
2140,0.07100000000000001,0.079,0.07441666666666664,0.074,0.0019688547150282275,0,4,1835008,all_reduce,2,2
2141,0.07200000000000001,0.08,0.07528333333333334,0.075,0.0016236960580382311,0,4,1867776,all_reduce,2,2
2142,0.07200000000000001,0.081,0.07541666666666667,0.075,0.001855547238836985,0,4,1900544,all_reduce,2,2
2143,0.073,0.08,0.07566666666666667,0.075,0.00141027972008708,0,4,1933312,all_reduce,2,2
2144,0.07200000000000001,0.079,0.07548333333333333,0.075,0.0016582286399113432,0,4,1966080,all_reduce,2,2
2145,0.073,0.081,0.07688333333333335,0.077,0.001723288200569547,0,4,1998848,all_reduce,2,2
2146,0.074,0.08,0.07665000000000001,0.076,0.0015792930908057159,0,4,2031616,all_reduce,2,2
2147,0.074,0.08,0.07683333333333334,0.077,0.0014851112939963656,0,4,2064384,all_reduce,2,2
2148,0.074,0.082,0.07748333333333333,0.077,0.001688112028931204,0,4,2097152,all_reduce,2,2
2149,0.075,0.084,0.07818333333333333,0.078,0.002012392164122647,0,4,2129920,all_reduce,2,2
2150,0.076,0.083,0.0782,0.078,0.0014352700094407338,0,4,2162688,all_reduce,2,2
2151,0.076,0.083,0.07801666666666668,0.078,0.0014199960876315444,0,4,2195456,all_reduce,2,2
2152,0.077,0.083,0.07911666666666668,0.079,0.0014729976993268614,0,4,2228224,all_reduce,2,2
2153,0.075,0.083,0.07896666666666667,0.079,0.0015051762539834196,0,4,2260992,all_reduce,2,2
2154,0.076,0.082,0.07936666666666667,0.08,0.0013535960336164647,0,4,2293760,all_reduce,2,2
2155,0.077,0.083,0.07953333333333333,0.079,0.0015434449203720313,0,4,2326528,all_reduce,2,2
2156,0.077,0.08600000000000001,0.07975000000000002,0.08,0.001738054467884519,0,4,2359296,all_reduce,2,2
2157,0.078,0.085,0.08005000000000002,0.08,0.0014654350889752856,0,4,2392064,all_reduce,2,2
2158,0.078,0.088,0.08146666666666666,0.081,0.0019014614262602221,0,4,2424832,all_reduce,2,2
2159,0.077,0.08600000000000001,0.08155000000000003,0.081,0.0016373250542678866,0,4,2457600,all_reduce,2,2
2160,0.08,0.08700000000000001,0.08195,0.082,0.0013592277219068199,0,4,2490368,all_reduce,2,2
2161,0.08,0.084,0.08201666666666668,0.082,0.0009914915811823908,0,4,2523136,all_reduce,2,2
2162,0.079,0.08600000000000001,0.08268333333333336,0.083,0.0013477347249696034,0,4,2555904,all_reduce,2,2
2163,0.081,0.08700000000000001,0.08298333333333335,0.083,0.0015967849643024029,0,4,2588672,all_reduce,2,2
2164,0.081,0.08700000000000001,0.08306666666666666,0.083,0.0013646326326972494,0,4,2621440,all_reduce,2,2
2165,0.081,0.09,0.08434999999999997,0.084,0.0017109938632268668,0,4,2654208,all_reduce,2,2
2166,0.08,0.08700000000000001,0.08421666666666668,0.084,0.0015715349891816683,0,4,2686976,all_reduce,2,2
2167,0.082,0.089,0.08451666666666667,0.084,0.0014999074045494356,0,4,2719744,all_reduce,2,2
2168,0.082,0.088,0.08518333333333332,0.085,0.0013477347249696017,0,4,2752512,all_reduce,2,2
2169,0.083,0.09,0.08608333333333335,0.08600000000000001,0.001294754373960128,0,4,2785280,all_reduce,2,2
2170,0.083,0.091,0.08658333333333332,0.08600000000000001,0.0016762226052115547,0,4,2818048,all_reduce,2,2
2171,0.084,0.091,0.08661666666666666,0.08650000000000001,0.001355134269690233,0,4,2850816,all_reduce,2,2
2172,0.083,0.09,0.08693333333333333,0.08700000000000001,0.0015477582354991829,0,4,2883584,all_reduce,2,2
2173,0.085,0.093,0.08768333333333334,0.088,0.0014775166853729755,0,4,2916352,all_reduce,2,2
2174,0.085,0.091,0.08726666666666666,0.08700000000000001,0.0012631530214330907,0,4,2949120,all_reduce,2,2
2175,0.085,0.093,0.0883,0.088,0.001530795000427335,0,4,2981888,all_reduce,2,2
2176,0.08600000000000001,0.092,0.08905000000000002,0.089,0.0016168384788427883,0,4,3014656,all_reduce,2,2
2177,0.083,0.093,0.08881666666666667,0.089,0.0016277967386078085,0,4,3047424,all_reduce,2,2
2178,0.08700000000000001,0.093,0.08970000000000002,0.0895,0.0011874342087037923,0,4,3080192,all_reduce,2,2
2179,0.08600000000000001,0.095,0.0905,0.091,0.0013844373104863463,0,4,3112960,all_reduce,2,2
2180,0.08600000000000001,0.094,0.09036666666666666,0.09,0.0014487542541400493,0,4,3145728,all_reduce,2,2
2181,0.089,0.095,0.09143333333333332,0.091,0.0015423647068345716,0,4,3178496,all_reduce,2,2
2182,0.089,0.095,0.09144999999999999,0.091,0.0012835497652993449,0,4,3211264,all_reduce,2,2
2183,0.089,0.096,0.0919,0.092,0.0015351438586225954,0,4,3244032,all_reduce,2,2
2184,0.089,0.098,0.09256666666666666,0.092,0.0017162620882474682,0,4,3276800,all_reduce,2,2
2185,0.088,0.11800000000000001,0.0927333333333333,0.092,0.0035910382280832888,0,4,3309568,all_reduce,2,2
2186,0.09,0.098,0.09338333333333332,0.093,0.0016542034000959175,0,4,3342336,all_reduce,2,2
2187,0.088,0.098,0.09305000000000001,0.093,0.0019272173376831874,0,4,3375104,all_reduce,2,2
2188,0.091,0.097,0.09405,0.094,0.001216894955751455,0,4,3407872,all_reduce,2,2
2189,0.091,0.1,0.09503333333333332,0.095,0.0016729880121772822,0,4,3440640,all_reduce,2,2
2190,0.092,0.098,0.09509999999999999,0.095,0.0012871156384205227,0,4,3473408,all_reduce,2,2
2191,0.092,0.1,0.09598333333333332,0.096,0.0017558631938609456,0,4,3506176,all_reduce,2,2
2192,0.091,0.101,0.09569999999999998,0.096,0.0015842979517754873,0,4,3538944,all_reduce,2,2
2193,0.093,0.1,0.09621666666666664,0.096,0.0015608936186969607,0,4,3571712,all_reduce,2,2
2194,0.092,0.101,0.09695,0.097,0.0019868316486305543,0,4,3604480,all_reduce,2,2
2195,0.094,0.10200000000000001,0.09751666666666667,0.097,0.00148875413983938,0,4,3637248,all_reduce,2,2
2196,0.092,0.10200000000000001,0.09803333333333335,0.098,0.0016529435024289932,0,4,3670016,all_reduce,2,2
2197,0.096,0.10300000000000001,0.09946666666666665,0.099,0.0015434449203720313,0,4,3702784,all_reduce,2,2
2198,0.097,0.10300000000000001,0.09981666666666664,0.1,0.0013101102582946565,0,4,3735552,all_reduce,2,2
2199,0.096,0.10300000000000001,0.09968333333333333,0.1,0.0013843369853070069,0,4,3768320,all_reduce,2,2
2200,0.099,0.154,0.11213333333333335,0.10200000000000001,0.017253469860356273,0,4,3801088,all_reduce,2,2
2201,0.098,0.106,0.10086666666666665,0.1,0.0017172329163188335,0,4,3833856,all_reduce,2,2
2202,0.098,0.105,0.10106666666666665,0.101,0.001711399687065792,0,4,3866624,all_reduce,2,2
2203,0.096,0.106,0.10183333333333332,0.10200000000000001,0.0020507451220362683,0,4,3899392,all_reduce,2,2
2204,0.098,0.106,0.10136666666666666,0.101,0.001448754254140049,0,4,3932160,all_reduce,2,2
2205,0.097,0.107,0.10291666666666667,0.10300000000000001,0.0017634404504326803,0,4,3964928,all_reduce,2,2
2206,0.101,0.108,0.10376666666666669,0.10400000000000001,0.00150959891656323,0,4,3997696,all_reduce,2,2
2207,0.099,0.109,0.10388333333333333,0.10400000000000001,0.0020419897703519993,0,4,4030464,all_reduce,2,2
2208,0.10200000000000001,0.112,0.10536666666666666,0.105,0.0019318960174456103,0,4,4063232,all_reduce,2,2
2209,0.1,0.109,0.1048,0.105,0.001700980109623073,0,4,4096000,all_reduce,2,2
2210,0.101,0.113,0.10598333333333332,0.1055,0.002355784842090256,0,4,4128768,all_reduce,2,2
2211,0.101,0.111,0.10551666666666669,0.105,0.0017934293654585,0,4,4161536,all_reduce,2,2
2212,0.101,0.112,0.10666666666666669,0.106,0.0018678567634829195,0,4,4194304,all_reduce,2,2
2213,0.10200000000000001,0.112,0.10681666666666666,0.106,0.0016979562878812742,0,4,4227072,all_reduce,2,2
2214,0.10200000000000001,0.114,0.1082,0.108,0.002300724523564987,0,4,4259840,all_reduce,2,2
2215,0.10200000000000001,0.112,0.1077,0.108,0.0018645821694595994,0,4,4292608,all_reduce,2,2
2216,0.107,0.116,0.10918333333333333,0.109,0.001857342785331299,0,4,4325376,all_reduce,2,2
2217,0.106,0.116,0.10998333333333332,0.109,0.0020040930339904122,0,4,4358144,all_reduce,2,2
2218,0.105,0.114,0.10948333333333334,0.109,0.0018393084449204165,0,4,4390912,all_reduce,2,2
2219,0.10400000000000001,0.117,0.11034999999999999,0.11,0.0021666025631542746,0,4,4423680,all_reduce,2,2
2220,0.107,0.117,0.11133333333333333,0.111,0.0019379255804998193,0,4,4456448,all_reduce,2,2
2221,0.106,0.117,0.11130000000000001,0.111,0.0023473389188611023,0,4,4489216,all_reduce,2,2
2222,0.105,0.11900000000000001,0.11230000000000002,0.112,0.0022752289262108713,0,4,4521984,all_reduce,2,2
2223,0.106,0.117,0.11191666666666666,0.112,0.0021701894438555893,0,4,4554752,all_reduce,2,2
2224,0.11,0.12,0.11311666666666668,0.113,0.001898171634904378,0,4,4587520,all_reduce,2,2
2225,0.11,0.11800000000000001,0.11435000000000001,0.113,0.002212276354045008,0,4,4620288,all_reduce,2,2
2226,0.107,0.12,0.11388333333333335,0.113,0.002456906365511086,0,4,4653056,all_reduce,2,2
2227,0.109,0.12,0.11423333333333335,0.114,0.002290317784840252,0,4,4685824,all_reduce,2,2
2228,0.109,0.122,0.11568333333333333,0.115,0.0025330591956937926,0,4,4718592,all_reduce,2,2
2229,0.108,0.121,0.11499999999999999,0.115,0.002380476142847617,0,4,4751360,all_reduce,2,2
2230,0.112,0.122,0.11593333333333332,0.1155,0.0020401524997465804,0,4,4784128,all_reduce,2,2
2231,0.112,0.125,0.11693333333333332,0.1165,0.0019988885800753258,0,4,4816896,all_reduce,2,2
2232,0.108,0.124,0.11716666666666667,0.117,0.0027090383697705132,0,4,4849664,all_reduce,2,2
2233,0.111,0.125,0.11760000000000001,0.117,0.002325224003546037,0,4,4882432,all_reduce,2,2
2234,0.11,0.128,0.11735000000000001,0.117,0.0025483654892237612,0,4,4915200,all_reduce,2,2
2235,0.115,0.126,0.11931666666666667,0.11900000000000001,0.0024392052439723487,0,4,4947968,all_reduce,2,2
2236,0.113,0.125,0.12013333333333336,0.1195,0.0023556079658739633,0,4,4980736,all_reduce,2,2
2237,0.113,0.125,0.11904999999999998,0.11900000000000001,0.0024994999499899947,0,4,5013504,all_reduce,2,2
2238,0.113,0.127,0.11941666666666667,0.11900000000000001,0.0025579397091322425,0,4,5046272,all_reduce,2,2
2239,0.114,0.127,0.12055,0.12,0.002108909670896312,0,4,5079040,all_reduce,2,2
2240,0.115,0.128,0.12158333333333333,0.121,0.002830145265215589,0,4,5111808,all_reduce,2,2
2241,0.115,0.129,0.12251666666666666,0.122,0.0025787055322820836,0,4,5144576,all_reduce,2,2
2242,0.116,0.129,0.12203333333333335,0.122,0.002516390713347635,0,4,5177344,all_reduce,2,2
2243,0.11800000000000001,0.13,0.12288333333333333,0.123,0.002589025985878773,0,4,5210112,all_reduce,2,2
2244,0.117,0.132,0.1244,0.124,0.002524546163834867,0,4,5242880,all_reduce,2,2
2245,0.115,0.128,0.12344999999999999,0.124,0.001969983079453561,0,4,5275648,all_reduce,2,2
2246,0.12,0.131,0.1244,0.124,0.001907878402833893,0,4,5308416,all_reduce,2,2
2247,0.11900000000000001,0.132,0.12583333333333332,0.125,0.002775888246229586,0,4,5341184,all_reduce,2,2
2248,0.124,0.134,0.12731666666666666,0.1265,0.0023557848420902605,0,4,5373952,all_reduce,2,2
2249,0.124,0.132,0.12775,0.1275,0.002172747876154374,0,4,5406720,all_reduce,2,2
2250,0.11800000000000001,0.131,0.12731666666666666,0.127,0.002572234221234314,0,4,5439488,all_reduce,2,2
2251,0.125,0.134,0.12865000000000001,0.128,0.0022863726730347374,0,4,5472256,all_reduce,2,2
2252,0.123,0.137,0.12885000000000002,0.128,0.0021434007247051762,0,4,5505024,all_reduce,2,2
2253,0.124,0.136,0.1296,0.129,0.0020182500670960822,0,4,5537792,all_reduce,2,2
2254,0.125,0.136,0.13075,0.13,0.002398784414378807,0,4,5570560,all_reduce,2,2
2255,0.125,0.139,0.13061666666666666,0.13,0.002503941337616006,0,4,5603328,all_reduce,2,2
2256,0.128,0.136,0.13103333333333333,0.13,0.0019405039437103864,0,4,5636096,all_reduce,2,2
2257,0.127,0.138,0.13195000000000004,0.131,0.002201703885630402,0,4,5668864,all_reduce,2,2
2258,0.128,0.139,0.1315,0.131,0.0019017535767461235,0,4,5701632,all_reduce,2,2
2259,0.13,0.139,0.13276666666666667,0.132,0.0021320308523929865,0,4,5734400,all_reduce,2,2
2260,0.131,0.14,0.13311666666666666,0.132,0.0021915874510398995,0,4,5767168,all_reduce,2,2
2261,0.128,0.14,0.13351666666666664,0.133,0.002648846709209293,0,4,5799936,all_reduce,2,2
2262,0.126,0.14200000000000002,0.1343,0.134,0.00260959767013998,0,4,5832704,all_reduce,2,2
2263,0.13,0.14100000000000001,0.1351,0.135,0.0025278449319529094,0,4,5865472,all_reduce,2,2
2264,0.13,0.14300000000000002,0.13588333333333333,0.135,0.0023458592360914507,0,4,5898240,all_reduce,2,2
2265,0.132,0.139,0.13541666666666669,0.135,0.0016359672640028262,0,4,5931008,all_reduce,2,2
2266,0.13,0.146,0.13713333333333333,0.136,0.0031062660685924654,0,4,5963776,all_reduce,2,2
2267,0.131,0.14400000000000002,0.13720000000000002,0.136,0.0027916542288280166,0,4,5996544,all_reduce,2,2
2268,0.13,0.145,0.13763333333333336,0.137,0.0028223315814332583,0,4,6029312,all_reduce,2,2
2269,0.13,0.148,0.1378166666666667,0.138,0.0026425471718695124,0,4,6062080,all_reduce,2,2
2270,0.135,0.14400000000000002,0.13896666666666666,0.139,0.001949073854139164,0,4,6094848,all_reduce,2,2
2271,0.135,0.14400000000000002,0.1392666666666667,0.139,0.0020885933597094074,0,4,6127616,all_reduce,2,2
2272,0.131,0.146,0.14038333333333336,0.14,0.002429620455041395,0,4,6160384,all_reduce,2,2
2273,0.133,0.151,0.14063333333333333,0.139,0.0030548686096495544,0,4,6193152,all_reduce,2,2
2274,0.134,0.148,0.14093333333333335,0.14,0.002613214283002616,0,4,6225920,all_reduce,2,2
2275,0.135,0.149,0.14236666666666672,0.14200000000000002,0.0027078076412888315,0,4,6258688,all_reduce,2,2
2276,0.137,0.152,0.14263333333333336,0.14200000000000002,0.003049407957110503,0,4,6291456,all_reduce,2,2
2277,0.137,0.151,0.14295,0.14200000000000002,0.0030790961877364743,0,4,6324224,all_reduce,2,2
2278,0.137,0.152,0.14345000000000002,0.14300000000000002,0.0027411980349231657,0,4,6356992,all_reduce,2,2
2279,0.131,0.152,0.1441,0.14350000000000002,0.0035995370072644927,0,4,6389760,all_reduce,2,2
2280,0.134,0.154,0.1443166666666667,0.14400000000000002,0.0033140693347538026,0,4,6422528,all_reduce,2,2
2281,0.14100000000000001,0.153,0.1452166666666667,0.14400000000000002,0.0025825805354765174,0,4,6455296,all_reduce,2,2
2282,0.14,0.156,0.14641666666666667,0.146,0.0027646076675643364,0,4,6488064,all_reduce,2,2
2283,0.138,0.154,0.14628333333333335,0.146,0.0028757124721053395,0,4,6520832,all_reduce,2,2
2284,0.14300000000000002,0.155,0.14695,0.146,0.0026734808770589686,0,4,6553600,all_reduce,2,2
2285,0.14400000000000002,0.155,0.14758333333333332,0.147,0.00247851882291734,0,4,6586368,all_reduce,2,2
2286,0.145,0.156,0.14813333333333334,0.147,0.0026106618998935054,0,4,6619136,all_reduce,2,2
2287,0.145,0.156,0.14901666666666663,0.148,0.0024528328293809383,0,4,6651904,all_reduce,2,2
2288,0.14100000000000001,0.158,0.1489833333333333,0.1485,0.0031331116942887455,0,4,6684672,all_reduce,2,2
2289,0.139,0.154,0.14859999999999998,0.1485,0.0025573423705088816,0,4,6717440,all_reduce,2,2
2290,0.14100000000000001,0.16,0.15071666666666667,0.15,0.003209837309826708,0,4,6750208,all_reduce,2,2
2291,0.14400000000000002,0.16,0.15058333333333335,0.15,0.0031690780292627004,0,4,6782976,all_reduce,2,2
2292,0.149,0.16,0.15243333333333328,0.151,0.002968538735172953,0,4,6815744,all_reduce,2,2
2293,0.146,0.16,0.15171666666666667,0.151,0.0024704363087429647,0,4,6848512,all_reduce,2,2
2294,0.146,0.162,0.15311666666666665,0.1525,0.0033719018701946595,0,4,6881280,all_reduce,2,2
2295,0.145,0.162,0.15316666666666665,0.152,0.003382142647625749,0,4,6914048,all_reduce,2,2
2296,0.149,0.162,0.15475000000000003,0.154,0.002855550151313522,0,4,6946816,all_reduce,2,2
2297,0.146,0.163,0.1547,0.154,0.0033877229323937765,0,4,6979584,all_reduce,2,2
2298,0.148,0.163,0.15455000000000002,0.1545,0.003062814609690464,0,4,7012352,all_reduce,2,2
2299,0.148,0.165,0.15566666666666665,0.155,0.002873248258601329,0,4,7045120,all_reduce,2,2
2300,0.149,0.162,0.15613333333333335,0.156,0.002404625172916193,0,4,7077888,all_reduce,2,2
2301,0.152,0.166,0.15680000000000002,0.156,0.0031026870075253617,0,4,7110656,all_reduce,2,2
2302,0.148,0.164,0.15655000000000002,0.156,0.002957617284234053,0,4,7143424,all_reduce,2,2
2303,0.149,0.165,0.15663333333333332,0.156,0.0027444894283312946,0,4,7176192,all_reduce,2,2
2304,0.151,0.164,0.15755,0.157,0.0026358110706194426,0,4,7208960,all_reduce,2,2
2305,0.151,0.168,0.15855000000000002,0.158,0.0031907418155239934,0,4,7241728,all_reduce,2,2
2306,0.151,0.168,0.1593333333333333,0.158,0.002958978802822955,0,4,7274496,all_reduce,2,2
2307,0.154,0.169,0.16035000000000005,0.159,0.003400122546811123,0,4,7307264,all_reduce,2,2
2308,0.153,0.17200000000000001,0.16063333333333332,0.16,0.003376224057862409,0,4,7340032,all_reduce,2,2
2309,0.154,0.168,0.16160000000000002,0.161,0.0027940412786261197,0,4,7372800,all_reduce,2,2
2310,0.151,0.17,0.16148333333333334,0.161,0.0035753399216795568,0,4,7405568,all_reduce,2,2
2311,0.149,0.171,0.1623166666666667,0.162,0.003298947643651771,0,4,7438336,all_reduce,2,2
2312,0.158,0.17200000000000001,0.16328333333333334,0.162,0.0029557382984440462,0,4,7471104,all_reduce,2,2
2313,0.157,0.17300000000000001,0.1636666666666667,0.1625,0.0033099177566150452,0,4,7503872,all_reduce,2,2
2314,0.159,0.17200000000000001,0.1638,0.163,0.002959729717389751,0,4,7536640,all_reduce,2,2
2315,0.156,0.17200000000000001,0.16443333333333335,0.164,0.0030296681153038703,0,4,7569408,all_reduce,2,2
2316,0.155,0.176,0.16551666666666667,0.164,0.0035378508856209433,0,4,7602176,all_reduce,2,2
2317,0.16,0.176,0.16674999999999995,0.165,0.0035619517121937526,0,4,7634944,all_reduce,2,2
2318,0.156,0.17500000000000002,0.16538333333333335,0.165,0.003450080514358408,0,4,7667712,all_reduce,2,2
2319,0.161,0.179,0.16774999999999998,0.167,0.003428435017127591,0,4,7700480,all_reduce,2,2
2320,0.16,0.17500000000000002,0.16693333333333335,0.166,0.003187824057601398,0,4,7733248,all_reduce,2,2
2321,0.161,0.17300000000000001,0.16811666666666666,0.168,0.0026714020455350595,0,4,7766016,all_reduce,2,2
2322,0.163,0.178,0.16924999999999998,0.1685,0.0031391347003062267,0,4,7798784,all_reduce,2,2
2323,0.154,0.178,0.16666666666666666,0.167,0.004399494920505713,0,4,7831552,all_reduce,2,2
2324,0.156,0.18,0.16851666666666668,0.1685,0.0042991924306264254,0,4,7864320,all_reduce,2,2
2325,0.157,0.185,0.1686,0.168,0.003920884254008697,0,4,7897088,all_reduce,2,2
2326,0.163,0.177,0.16940000000000002,0.169,0.0026280537792569363,0,4,7929856,all_reduce,2,2
2327,0.164,0.176,0.16986666666666667,0.1695,0.003073904502239603,0,4,7962624,all_reduce,2,2
2328,0.164,0.179,0.1716833333333333,0.1715,0.0027048824168323616,0,4,7995392,all_reduce,2,2
2329,0.168,0.182,0.17275,0.17200000000000001,0.0028788018340969515,0,4,8028160,all_reduce,2,2
2330,0.16,0.18,0.17204999999999998,0.17200000000000001,0.0031167557919520496,0,4,8060928,all_reduce,2,2
2331,0.167,0.182,0.17316666666666664,0.17300000000000001,0.0026468010041473715,0,4,8093696,all_reduce,2,2
2332,0.164,0.183,0.17281666666666665,0.17300000000000001,0.003359025983161715,0,4,8126464,all_reduce,2,2
2333,0.166,0.18,0.17393333333333333,0.17350000000000002,0.0024280765135299026,0,4,8159232,all_reduce,2,2
2334,0.167,0.185,0.17470000000000005,0.17400000000000002,0.0030182776545573074,0,4,8192000,all_reduce,2,2
2335,0.164,0.186,0.17558333333333334,0.17500000000000002,0.0034219471390163486,0,4,8224768,all_reduce,2,2
2336,0.166,0.183,0.17579999999999998,0.1755,0.0027556003580587103,0,4,8257536,all_reduce,2,2
2337,0.167,0.187,0.17573333333333335,0.176,0.00419470565779716,0,4,8290304,all_reduce,2,2
2338,0.167,0.189,0.17738333333333334,0.1765,0.003937391973826778,0,4,8323072,all_reduce,2,2
2339,0.168,0.189,0.17809999999999998,0.177,0.004357751713900183,0,4,8355840,all_reduce,2,2
2340,0.171,0.191,0.17973333333333336,0.179,0.004069671021375342,0,4,8388608,all_reduce,2,2
2341,0.17400000000000002,0.192,0.1807166666666667,0.179,0.004143636352555838,0,4,8421376,all_reduce,2,2
2342,0.17,0.191,0.17965,0.179,0.004218313248997359,0,4,8454144,all_reduce,2,2
2343,0.17200000000000001,0.192,0.1819666666666667,0.181,0.004618681870644722,0,4,8486912,all_reduce,2,2
2344,0.17200000000000001,0.194,0.17945,0.1795,0.003955692101263694,0,4,8519680,all_reduce,2,2
2345,0.169,0.19,0.1821333333333333,0.182,0.003748184745832159,0,4,8552448,all_reduce,2,2
2346,0.17400000000000002,0.192,0.18163333333333329,0.181,0.0030657607357536714,0,4,8585216,all_reduce,2,2
2347,0.177,0.195,0.18338333333333331,0.182,0.0034404053378764704,0,4,8617984,all_reduce,2,2
2348,0.177,0.194,0.18371666666666667,0.183,0.0031416114053495286,0,4,8650752,all_reduce,2,2
2349,0.17500000000000002,0.194,0.18420000000000003,0.183,0.003539303132915671,0,4,8683520,all_reduce,2,2
2350,0.179,0.196,0.18563333333333337,0.185,0.0035494913563620507,0,4,8716288,all_reduce,2,2
2351,0.17400000000000002,0.194,0.18471666666666667,0.1845,0.003706263467279263,0,4,8749056,all_reduce,2,2
2352,0.178,0.193,0.18604999999999997,0.186,0.0028543825952384192,0,4,8781824,all_reduce,2,2
2353,0.178,0.191,0.18546666666666672,0.185,0.0027776888874666236,0,4,8814592,all_reduce,2,2
2354,0.181,0.193,0.1857833333333333,0.185,0.0026651558220028276,0,4,8847360,all_reduce,2,2
2355,0.17500000000000002,0.198,0.18786666666666665,0.187,0.003575223380744514,0,4,8880128,all_reduce,2,2
2356,0.176,0.196,0.18816666666666668,0.1875,0.003856452025142054,0,4,8912896,all_reduce,2,2
2357,0.183,0.199,0.18993333333333332,0.189,0.0034682688605252197,0,4,8945664,all_reduce,2,2
2358,0.179,0.197,0.1882,0.188,0.003218695387886219,0,4,8978432,all_reduce,2,2
2359,0.184,0.2,0.18918333333333334,0.188,0.003324112245731519,0,4,9011200,all_reduce,2,2
2360,0.18,0.20600000000000002,0.18916666666666665,0.189,0.003988176971443918,0,4,9043968,all_reduce,2,2
2361,0.186,0.199,0.19116666666666665,0.19,0.0032514953824697708,0,4,9076736,all_reduce,2,2
2362,0.176,0.20500000000000002,0.18935,0.19,0.005588157120196251,0,4,9109504,all_reduce,2,2
2363,0.18,0.2,0.19004999999999997,0.19,0.003518640836080511,0,4,9142272,all_reduce,2,2
2364,0.182,0.20500000000000002,0.19196666666666665,0.191,0.00518641387558773,0,4,9175040,all_reduce,2,2
2365,0.176,0.20700000000000002,0.18965,0.19,0.006236518793899906,0,4,9207808,all_reduce,2,2
2366,0.182,0.20500000000000002,0.19165000000000001,0.1915,0.004763839487920086,0,4,9240576,all_reduce,2,2
2367,0.18,0.20800000000000002,0.19206666666666672,0.192,0.0054309810859139995,0,4,9273344,all_reduce,2,2
2368,0.183,0.20800000000000002,0.19341666666666665,0.193,0.004360014016287363,0,4,9306112,all_reduce,2,2
2369,0.186,0.21,0.19458333333333336,0.194,0.004263377638550086,0,4,9338880,all_reduce,2,2
2370,0.188,0.20800000000000002,0.19640000000000002,0.195,0.00399249295553543,0,4,9371648,all_reduce,2,2
2371,0.187,0.209,0.19793333333333338,0.197,0.004563867755411949,0,4,9404416,all_reduce,2,2
2372,0.185,0.211,0.1961166666666667,0.196,0.00452066243916629,0,4,9437184,all_reduce,2,2
2373,0.189,0.209,0.1974,0.197,0.0032721043178154754,0,4,9469952,all_reduce,2,2
2374,0.19,0.211,0.19771666666666665,0.197,0.004378324133983486,0,4,9502720,all_reduce,2,2
2375,0.185,0.214,0.1999,0.199,0.005156549233741496,0,4,9535488,all_reduce,2,2
2376,0.191,0.217,0.19956666666666664,0.1985,0.004325762617414672,0,4,9568256,all_reduce,2,2
2377,0.19,0.215,0.20045,0.199,0.00459138686382811,0,4,9601024,all_reduce,2,2
2378,0.194,0.217,0.2009,0.2,0.004365394216639164,0,4,9633792,all_reduce,2,2
2379,0.191,0.214,0.19985,0.199,0.004581939181903954,0,4,9666560,all_reduce,2,2
2380,0.194,0.216,0.20171666666666668,0.2,0.003701763843839252,0,4,9699328,all_reduce,2,2
2381,0.186,0.22,0.19998333333333332,0.2,0.005858019194991504,0,4,9732096,all_reduce,2,2
2382,0.196,0.214,0.20210000000000003,0.201,0.0032797357617141464,0,4,9764864,all_reduce,2,2
2383,0.19,0.222,0.20176666666666668,0.2015,0.004821364491049765,0,4,9797632,all_reduce,2,2
2384,0.188,0.224,0.20183333333333336,0.2025,0.006894845095351229,0,4,9830400,all_reduce,2,2
2385,0.191,0.218,0.20365,0.203,0.0046433644411496815,0,4,9863168,all_reduce,2,2
2386,0.19,0.213,0.2022,0.203,0.0045672748986676955,0,4,9895936,all_reduce,2,2
2387,0.195,0.219,0.20420000000000002,0.20400000000000001,0.0038505410875183037,0,4,9928704,all_reduce,2,2
2388,0.191,0.226,0.20403333333333334,0.20400000000000001,0.005799329463155392,0,4,9961472,all_reduce,2,2
2389,0.198,0.214,0.20516666666666666,0.20400000000000001,0.003342487430376094,0,4,9994240,all_reduce,2,2
2390,0.19,0.214,0.20361666666666667,0.20400000000000001,0.00549573066621314,0,4,10027008,all_reduce,2,2
2391,0.196,0.217,0.20576666666666668,0.20600000000000002,0.004394567353246754,0,4,10059776,all_reduce,2,2
2392,0.193,0.219,0.20726666666666668,0.20700000000000002,0.004898525855352353,0,4,10092544,all_reduce,2,2
2393,0.197,0.218,0.20710000000000003,0.20700000000000002,0.004867237409455177,0,4,10125312,all_reduce,2,2
2394,0.198,0.226,0.21088333333333334,0.2105,0.005624623444186182,0,4,10158080,all_reduce,2,2
2395,0.194,0.225,0.20926666666666668,0.209,0.005665293951381121,0,4,10190848,all_reduce,2,2
2396,0.195,0.227,0.21180000000000002,0.211,0.005726546370486606,0,4,10223616,all_reduce,2,2
2397,0.196,0.224,0.21078333333333335,0.211,0.00513839036620959,0,4,10256384,all_reduce,2,2
2398,0.197,0.228,0.2108833333333333,0.212,0.004408672009674665,0,4,10289152,all_reduce,2,2
2399,0.198,0.227,0.21038333333333334,0.211,0.005498762487040956,0,4,10321920,all_reduce,2,2
2400,0.198,0.232,0.21195,0.212,0.005719629941409378,0,4,10354688,all_reduce,2,2
2401,0.20600000000000002,0.227,0.2135,0.213,0.0038405728739343043,0,4,10387456,all_reduce,2,2
2402,0.201,0.234,0.21393333333333336,0.212,0.005824850975680743,0,4,10420224,all_reduce,2,2
2403,0.198,0.228,0.21483333333333338,0.2145,0.00582856948334857,0,4,10452992,all_reduce,2,2
2404,0.20600000000000002,0.233,0.21608333333333335,0.215,0.005197087859775149,0,4,10485760,all_reduce,2,2
2405,0.20800000000000002,0.23700000000000002,0.21638333333333337,0.215,0.0050927781110989825,0,4,10518528,all_reduce,2,2
2406,0.20400000000000001,0.226,0.21541666666666665,0.215,0.003169078029262701,0,4,10551296,all_reduce,2,2
2407,0.20600000000000002,0.23,0.21706666666666666,0.216,0.005111642484455355,0,4,10584064,all_reduce,2,2
2408,0.203,0.23,0.21610000000000001,0.216,0.004699999999999999,0,4,10616832,all_reduce,2,2
2409,0.201,0.234,0.21858333333333332,0.217,0.004933868214246869,0,4,10649600,all_reduce,2,2
2410,0.209,0.23500000000000001,0.21853333333333333,0.217,0.004364503280888779,0,4,10682368,all_reduce,2,2
2411,0.21,0.224,0.21743333333333334,0.217,0.003062497165531571,0,4,10715136,all_reduce,2,2
2412,0.20800000000000002,0.233,0.21845,0.219,0.005395754503928687,0,4,10747904,all_reduce,2,2
2413,0.20500000000000002,0.23900000000000002,0.21813333333333335,0.218,0.006017936154160792,0,4,10780672,all_reduce,2,2
2414,0.214,0.23600000000000002,0.22206666666666666,0.221,0.005749975845359899,0,4,10813440,all_reduce,2,2
2415,0.20800000000000002,0.232,0.22000000000000003,0.22,0.004626013402488154,0,4,10846208,all_reduce,2,2
2416,0.209,0.246,0.22118333333333334,0.221,0.006808063030129956,0,4,10878976,all_reduce,2,2
2417,0.211,0.231,0.22043333333333337,0.221,0.0038702569538583502,0,4,10911744,all_reduce,2,2
2418,0.21,0.246,0.22213333333333338,0.222,0.0057051633533921646,0,4,10944512,all_reduce,2,2
2419,0.21,0.232,0.22136666666666666,0.222,0.005029800084385952,0,4,10977280,all_reduce,2,2
2420,0.20700000000000002,0.246,0.22358333333333336,0.223,0.006409086431691252,0,4,11010048,all_reduce,2,2
2421,0.211,0.243,0.2252,0.224,0.006071243694664217,0,4,11042816,all_reduce,2,2
2422,0.211,0.23900000000000002,0.22318333333333337,0.224,0.0045036713418671655,0,4,11075584,all_reduce,2,2
2423,0.213,0.247,0.22560000000000002,0.225,0.005837236789212284,0,4,11108352,all_reduce,2,2
2424,0.216,0.245,0.22585000000000002,0.225,0.005369124695888521,0,4,11141120,all_reduce,2,2
2425,0.215,0.242,0.22710000000000005,0.226,0.005094768558694958,0,4,11173888,all_reduce,2,2
2426,0.215,0.242,0.22655,0.226,0.0061466115326522285,0,4,11206656,all_reduce,2,2
2427,0.211,0.234,0.22588333333333338,0.2265,0.003979496059664957,0,4,11239424,all_reduce,2,2
2428,0.214,0.246,0.22968333333333338,0.2295,0.005599082266070239,0,4,11272192,all_reduce,2,2
2429,0.218,0.249,0.22895000000000001,0.228,0.005411176705055319,0,4,11304960,all_reduce,2,2
2430,0.219,0.249,0.22741666666666668,0.227,0.004768967975941501,0,4,11337728,all_reduce,2,2
2431,0.216,0.256,0.23133333333333334,0.229,0.006871842709362768,0,4,11370496,all_reduce,2,2
2432,0.217,0.249,0.23141666666666671,0.2305,0.0054046019485455375,0,4,11403264,all_reduce,2,2
2433,0.219,0.255,0.23443333333333333,0.2335,0.005840566943561403,0,4,11436032,all_reduce,2,2
2434,0.225,0.245,0.23365000000000002,0.233,0.0037939645051933025,0,4,11468800,all_reduce,2,2
2435,0.229,0.245,0.23613333333333336,0.23500000000000001,0.003951652256405606,0,4,11501568,all_reduce,2,2
2436,0.23,0.252,0.23523333333333335,0.23500000000000001,0.004092133374604931,0,4,11534336,all_reduce,2,2
2437,0.22,0.251,0.23648333333333335,0.23650000000000002,0.0054052186716994945,0,4,11567104,all_reduce,2,2
2438,0.228,0.256,0.23566666666666666,0.23450000000000001,0.004714045207910313,0,4,11599872,all_reduce,2,2
2439,0.225,0.256,0.23658333333333334,0.23500000000000001,0.006072593258970078,0,4,11632640,all_reduce,2,2
2440,0.227,0.254,0.23825,0.23700000000000002,0.005688072315527169,0,4,11665408,all_reduce,2,2
2441,0.223,0.255,0.23765,0.23700000000000002,0.005082076347321038,0,4,11698176,all_reduce,2,2
2442,0.227,0.252,0.23988333333333334,0.23900000000000002,0.004754267089211069,0,4,11730944,all_reduce,2,2
2443,0.222,0.26,0.2376,0.23700000000000002,0.006148712602379999,0,4,11763712,all_reduce,2,2
2444,0.234,0.26,0.24136666666666667,0.2405,0.005394338596055019,0,4,11796480,all_reduce,2,2
2445,0.226,0.257,0.23968333333333336,0.2395,0.005361876744407892,0,4,11829248,all_reduce,2,2
2446,0.226,0.259,0.24028333333333335,0.2395,0.005263369220903613,0,4,11862016,all_reduce,2,2
2447,0.228,0.265,0.24100000000000002,0.241,0.006870225614927064,0,4,11894784,all_reduce,2,2
2448,0.227,0.261,0.24135,0.2405,0.005227571137727344,0,4,11927552,all_reduce,2,2
2449,0.229,0.259,0.24145000000000003,0.241,0.004634741992099809,0,4,11960320,all_reduce,2,2
2450,0.232,0.254,0.24391666666666667,0.2435,0.004128323576896022,0,4,11993088,all_reduce,2,2
2451,0.231,0.264,0.2452,0.245,0.00549484607003084,0,4,12025856,all_reduce,2,2
2452,0.229,0.259,0.24571666666666664,0.245,0.005369952410300198,0,4,12058624,all_reduce,2,2
2453,0.23500000000000001,0.268,0.24605000000000002,0.245,0.006709259770396932,0,4,12091392,all_reduce,2,2
2454,0.233,0.267,0.24726666666666663,0.2455,0.007622044053635193,0,4,12124160,all_reduce,2,2
2455,0.242,0.262,0.2472,0.246,0.004932207078648129,0,4,12156928,all_reduce,2,2
2456,0.234,0.254,0.24416666666666667,0.244,0.004199867722784715,0,4,12189696,all_reduce,2,2
2457,0.24,0.255,0.2472166666666667,0.247,0.0032150254880620945,0,4,12222464,all_reduce,2,2
2458,0.231,0.265,0.24575,0.245,0.004639055219905594,0,4,12255232,all_reduce,2,2
2459,0.23900000000000002,0.266,0.24891666666666662,0.2475,0.005364362859547155,0,4,12288000,all_reduce,2,2
2460,0.23600000000000002,0.268,0.24841666666666667,0.247,0.005493304004776079,0,4,12320768,all_reduce,2,2
2461,0.23700000000000002,0.27,0.25111666666666665,0.25,0.00585972600800489,0,4,12353536,all_reduce,2,2
2462,0.241,0.268,0.24988333333333335,0.2495,0.004498487400103387,0,4,12386304,all_reduce,2,2
2463,0.242,0.268,0.25146666666666667,0.25,0.004907364080870938,0,4,12419072,all_reduce,2,2
2464,0.242,0.271,0.25195,0.251,0.004772927124242876,0,4,12451840,all_reduce,2,2
2465,0.23800000000000002,0.268,0.25168333333333337,0.251,0.005113679910027832,0,4,12484608,all_reduce,2,2
2466,0.246,0.271,0.25288333333333335,0.252,0.004227259422157842,0,4,12517376,all_reduce,2,2
2467,0.242,0.278,0.2535833333333333,0.2525,0.0057598948678677245,0,4,12550144,all_reduce,2,2
2468,0.241,0.276,0.2556333333333333,0.255,0.006207432820596796,0,4,12582912,all_reduce,2,2
2469,0.248,0.274,0.2548333333333333,0.253,0.00548988969733354,0,4,12615680,all_reduce,2,2
2470,0.246,0.276,0.2565,0.2555,0.005566267450754895,0,4,12648448,all_reduce,2,2
2471,0.244,0.27,0.25405000000000005,0.253,0.004748420790115387,0,4,12681216,all_reduce,2,2
2472,0.245,0.277,0.25595,0.254,0.00537718947654504,0,4,12713984,all_reduce,2,2
2473,0.25,0.278,0.25655,0.255,0.004543952024394628,0,4,12746752,all_reduce,2,2
2474,0.25,0.275,0.2583166666666667,0.257,0.004934543770423184,0,4,12779520,all_reduce,2,2
2475,0.243,0.269,0.2567333333333333,0.256,0.004567518168789508,0,4,12812288,all_reduce,2,2
2476,0.252,0.28,0.26006666666666667,0.259,0.0053474812347081326,0,4,12845056,all_reduce,2,2
2477,0.249,0.273,0.2571833333333333,0.257,0.0037924999084450327,0,4,12877824,all_reduce,2,2
2478,0.248,0.27,0.25961666666666666,0.26,0.004601056641927184,0,4,12910592,all_reduce,2,2
2479,0.248,0.28,0.2607333333333334,0.259,0.005726740395334471,0,4,12943360,all_reduce,2,2
2480,0.25,0.28400000000000003,0.2616,0.26,0.005619015334854799,0,4,12976128,all_reduce,2,2
2481,0.249,0.281,0.26161666666666666,0.261,0.0054531081860613164,0,4,13008896,all_reduce,2,2
2482,0.25,0.275,0.2609666666666667,0.261,0.0042149205870995465,0,4,13041664,all_reduce,2,2
2483,0.243,0.28400000000000003,0.26093333333333335,0.2595,0.005996851025515165,0,4,13074432,all_reduce,2,2
2484,0.244,0.28800000000000003,0.2589666666666667,0.259,0.007337044515485941,0,4,13107200,all_reduce,2,2
2485,0.251,0.271,0.2594166666666667,0.259,0.003796013991310128,0,4,13139968,all_reduce,2,2
2486,0.25,0.279,0.2585166666666667,0.259,0.004569798196370994,0,4,13172736,all_reduce,2,2
2487,0.247,0.28300000000000003,0.2583166666666667,0.2585,0.007714686571007858,0,4,13205504,all_reduce,2,2
2488,0.251,0.28700000000000003,0.2608833333333333,0.261,0.006504079916141532,0,4,13238272,all_reduce,2,2
2489,0.25,0.28700000000000003,0.26348333333333335,0.263,0.007866578389335206,0,4,13271040,all_reduce,2,2
2490,0.245,0.28800000000000003,0.26031666666666664,0.2595,0.007260605270147178,0,4,13303808,all_reduce,2,2
2491,0.246,0.28500000000000003,0.26281666666666664,0.263,0.007444218487449772,0,4,13336576,all_reduce,2,2
2492,0.251,0.271,0.26333333333333336,0.264,0.0046463844964540904,0,4,13369344,all_reduce,2,2
2493,0.249,0.289,0.2659666666666667,0.265,0.00884301356376258,0,4,13402112,all_reduce,2,2
2494,0.253,0.28700000000000003,0.2630333333333334,0.264,0.006592841235427685,0,4,13434880,all_reduce,2,2
2495,0.254,0.28400000000000003,0.2658666666666667,0.266,0.0060317677526760165,0,4,13467648,all_reduce,2,2
2496,0.253,0.29,0.2660166666666667,0.267,0.008048792179920885,0,4,13500416,all_reduce,2,2
2497,0.253,0.297,0.2685833333333333,0.267,0.009127415966319396,0,4,13533184,all_reduce,2,2
2498,0.256,0.293,0.26745,0.267,0.005920092904676414,0,4,13565952,all_reduce,2,2
2499,0.256,0.295,0.26968333333333333,0.269,0.0067933586849379755,0,4,13598720,all_reduce,2,2
2500,0.251,0.293,0.2678,0.267,0.007238323931224224,0,4,13631488,all_reduce,2,2
2501,0.257,0.297,0.26925000000000004,0.268,0.008849905837540493,0,4,13664256,all_reduce,2,2
2502,0.252,0.293,0.26765,0.269,0.006528973885688319,0,4,13697024,all_reduce,2,2
2503,0.259,0.301,0.27085000000000004,0.27,0.007926380006030492,0,4,13729792,all_reduce,2,2
2504,0.255,0.295,0.2705666666666667,0.27,0.007499703697850704,0,4,13762560,all_reduce,2,2
2505,0.26,0.293,0.2722666666666667,0.2715,0.005847696602556902,0,4,13795328,all_reduce,2,2
2506,0.259,0.296,0.27275000000000005,0.272,0.0071382187320554015,0,4,13828096,all_reduce,2,2
2507,0.26,0.303,0.27494999999999997,0.272,0.01024438870797081,0,4,13860864,all_reduce,2,2
2508,0.258,0.301,0.27285000000000004,0.273,0.008607796853241057,0,4,13893632,all_reduce,2,2
2509,0.259,0.309,0.2740166666666667,0.273,0.009927221273962929,0,4,13926400,all_reduce,2,2
2510,0.255,0.299,0.27241666666666664,0.2735,0.007893650753752804,0,4,13959168,all_reduce,2,2
2511,0.267,0.299,0.2752833333333333,0.275,0.005627585825398148,0,4,13991936,all_reduce,2,2
2512,0.256,0.304,0.2748,0.2755,0.008239741096256203,0,4,14024704,all_reduce,2,2
2513,0.259,0.297,0.27609999999999996,0.275,0.005107837115648851,0,4,14057472,all_reduce,2,2
2514,0.262,0.3,0.27573333333333333,0.276,0.006968660001910137,0,4,14090240,all_reduce,2,2
2515,0.263,0.302,0.27638333333333337,0.277,0.00790588739836051,0,4,14123008,all_reduce,2,2
2516,0.265,0.303,0.2799666666666667,0.2785,0.00761788830465649,0,4,14155776,all_reduce,2,2
2517,0.266,0.324,0.2818666666666667,0.2795,0.008695720531132276,0,4,14188544,all_reduce,2,2
2518,0.268,0.313,0.28015,0.2795,0.008312290097600454,0,4,14221312,all_reduce,2,2
2519,0.263,0.314,0.28078333333333344,0.2805,0.006816870412603001,0,4,14254080,all_reduce,2,2
2520,0.264,0.311,0.2808,0.28,0.007540557008603537,0,4,14286848,all_reduce,2,2
2521,0.265,0.307,0.28150000000000003,0.28,0.008576129663198888,0,4,14319616,all_reduce,2,2
2522,0.27,0.312,0.2845166666666667,0.28200000000000003,0.008770198908171281,0,4,14352384,all_reduce,2,2
2523,0.267,0.312,0.28295,0.28200000000000003,0.0076145146485730305,0,4,14385152,all_reduce,2,2
2524,0.266,0.313,0.2852,0.28300000000000003,0.008887819380102925,0,4,14417920,all_reduce,2,2
2525,0.272,0.319,0.28655,0.28300000000000003,0.009781658005334941,0,4,14450688,all_reduce,2,2
2526,0.272,0.327,0.28509999999999996,0.28300000000000003,0.00943521771520579,0,4,14483456,all_reduce,2,2
2527,0.264,0.312,0.28481666666666666,0.28400000000000003,0.008515655517274566,0,4,14516224,all_reduce,2,2
2528,0.273,0.328,0.2857166666666667,0.28500000000000003,0.0082907411543775,0,4,14548992,all_reduce,2,2
2529,0.274,0.314,0.28725000000000006,0.28500000000000003,0.009249549538581132,0,4,14581760,all_reduce,2,2
2530,0.27,0.313,0.28635000000000005,0.28600000000000003,0.007386530534244964,0,4,14614528,all_reduce,2,2
2531,0.273,0.316,0.28813333333333335,0.28650000000000003,0.009113116310510292,0,4,14647296,all_reduce,2,2
2532,0.275,0.314,0.2894666666666667,0.28700000000000003,0.0073857219612498744,0,4,14680064,all_reduce,2,2
2533,0.275,0.314,0.28941666666666666,0.28800000000000003,0.007815138443360339,0,4,14712832,all_reduce,2,2
2534,0.269,0.325,0.2884166666666667,0.28800000000000003,0.010517115679796529,0,4,14745600,all_reduce,2,2
2535,0.275,0.315,0.2889666666666668,0.28800000000000003,0.008744458562744487,0,4,14778368,all_reduce,2,2
2536,0.272,0.322,0.2913,0.289,0.009566085928947107,0,4,14811136,all_reduce,2,2
2537,0.272,0.319,0.29246666666666665,0.29,0.008558556472261478,0,4,14843904,all_reduce,2,2
2538,0.271,0.326,0.2922666666666667,0.29,0.011028548811556703,0,4,14876672,all_reduce,2,2
2539,0.279,0.32,0.2939833333333334,0.291,0.009751054074076067,0,4,14909440,all_reduce,2,2
2540,0.276,0.33,0.2919833333333334,0.291,0.011773546147566958,0,4,14942208,all_reduce,2,2
2541,0.276,0.324,0.29123333333333334,0.2905,0.010126477944258576,0,4,14974976,all_reduce,2,2
2542,0.276,0.324,0.2939666666666667,0.293,0.007882399521860213,0,4,15007744,all_reduce,2,2
2543,0.273,0.324,0.2916000000000001,0.292,0.008301003955345792,0,4,15040512,all_reduce,2,2
2544,0.279,0.327,0.2960333333333333,0.294,0.009647049059456238,0,4,15073280,all_reduce,2,2
2545,0.28400000000000003,0.328,0.2966,0.295,0.007296574538781879,0,4,15106048,all_reduce,2,2
2546,0.28,0.327,0.2954833333333333,0.296,0.008616827851490483,0,4,15138816,all_reduce,2,2
2547,0.278,0.325,0.29446666666666677,0.295,0.008511691306014845,0,4,15171584,all_reduce,2,2
2548,0.279,0.335,0.2970666666666667,0.297,0.009587955407118284,0,4,15204352,all_reduce,2,2
2549,0.28300000000000003,0.327,0.2975,0.297,0.006586602563790632,0,4,15237120,all_reduce,2,2
2550,0.278,0.323,0.2962166666666667,0.297,0.009201615196378408,0,4,15269888,all_reduce,2,2
2551,0.28400000000000003,0.315,0.2972833333333334,0.298,0.006516879791911323,0,4,15302656,all_reduce,2,2
2552,0.28200000000000003,0.331,0.2979333333333333,0.297,0.008514432192199054,0,4,15335424,all_reduce,2,2
2553,0.28500000000000003,0.337,0.30116666666666664,0.299,0.010168852224098631,0,4,15368192,all_reduce,2,2
2554,0.28600000000000003,0.336,0.3006999999999999,0.3,0.008395038217105785,0,4,15400960,all_reduce,2,2
2555,0.28500000000000003,0.328,0.30234999999999995,0.301,0.008884115037526251,0,4,15433728,all_reduce,2,2
2556,0.28200000000000003,0.329,0.3011333333333334,0.3015,0.008277412370756666,0,4,15466496,all_reduce,2,2
2557,0.28600000000000003,0.337,0.3039333333333333,0.302,0.010893219093648225,0,4,15499264,all_reduce,2,2
2558,0.292,0.335,0.30508333333333326,0.303,0.009803556610854164,0,4,15532032,all_reduce,2,2
2559,0.28200000000000003,0.324,0.30129999999999996,0.302,0.00669900490122725,0,4,15564800,all_reduce,2,2
2560,0.29,0.334,0.30163333333333325,0.302,0.006158914045692007,0,4,15597568,all_reduce,2,2
2561,0.28800000000000003,0.315,0.3023166666666666,0.303,0.005605032461002248,0,4,15630336,all_reduce,2,2
2562,0.289,0.352,0.29914999999999997,0.2955,0.010090961302076233,0,4,15663104,all_reduce,2,2
2563,0.291,0.357,0.3063333333333333,0.306,0.010811516493484575,0,4,15695872,all_reduce,2,2
2564,0.28800000000000003,0.342,0.30321666666666663,0.302,0.009775976791207227,0,4,15728640,all_reduce,2,2
2565,0.291,0.339,0.30628333333333335,0.306,0.010227563519996137,0,4,15761408,all_reduce,2,2
2566,0.293,0.342,0.3044833333333334,0.3035,0.011185543745785856,0,4,15794176,all_reduce,2,2
2567,0.28700000000000003,0.339,0.3064,0.3075,0.01009488319232406,0,4,15826944,all_reduce,2,2
2568,0.292,0.34800000000000003,0.30685,0.3035,0.01224584963705392,0,4,15859712,all_reduce,2,2
2569,0.294,0.342,0.31005,0.308,0.010025675372096726,0,4,15892480,all_reduce,2,2
2570,0.294,0.34500000000000003,0.30565,0.305,0.0096967778153364,0,4,15925248,all_reduce,2,2
2571,0.294,0.343,0.3105333333333333,0.309,0.010499947089813791,0,4,15958016,all_reduce,2,2
2572,0.289,0.34900000000000003,0.3084833333333333,0.308,0.01149418935327277,0,4,15990784,all_reduce,2,2
2573,0.295,0.343,0.31168333333333337,0.311,0.010058978852525527,0,4,16023552,all_reduce,2,2
2574,0.296,0.34700000000000003,0.31006666666666666,0.309,0.012118672461215481,0,4,16056320,all_reduce,2,2
2575,0.297,0.34700000000000003,0.3126,0.312,0.011547294055318772,0,4,16089088,all_reduce,2,2
2576,0.293,0.356,0.31034999999999996,0.31,0.011995589467244485,0,4,16121856,all_reduce,2,2
2577,0.301,0.343,0.31446666666666656,0.313,0.008065289138579535,0,4,16154624,all_reduce,2,2
2578,0.299,0.34700000000000003,0.31331666666666663,0.313,0.010121745018633022,0,4,16187392,all_reduce,2,2
2579,0.302,0.34600000000000003,0.3143833333333333,0.313,0.008300786441991849,0,4,16220160,all_reduce,2,2
2580,0.293,0.34500000000000003,0.31174999999999997,0.312,0.008842369591913705,0,4,16252928,all_reduce,2,2
2581,0.298,0.35100000000000003,0.3146666666666667,0.315,0.007978443178688161,0,4,16285696,all_reduce,2,2
2582,0.297,0.354,0.3181666666666666,0.316,0.012243592428513604,0,4,16318464,all_reduce,2,2
2583,0.3,0.352,0.3154166666666667,0.316,0.00934039911114914,0,4,16351232,all_reduce,2,2
2584,0.298,0.36,0.3205333333333334,0.317,0.011524563139466747,0,4,16384000,all_reduce,2,2
2585,0.303,0.364,0.3182333333333333,0.317,0.01090927230488919,0,4,16416768,all_reduce,2,2
2586,0.302,0.35100000000000003,0.3181333333333333,0.317,0.008359558733702538,0,4,16449536,all_reduce,2,2
2587,0.3,0.353,0.3182166666666667,0.3185,0.011122187534633447,0,4,16482304,all_reduce,2,2
2588,0.309,0.35100000000000003,0.3194833333333334,0.318,0.005818051411101683,0,4,16515072,all_reduce,2,2
2589,0.301,0.356,0.31870000000000004,0.319,0.012253298875540962,0,4,16547840,all_reduce,2,2
2590,0.301,0.357,0.3197499999999999,0.319,0.011354331038565561,0,4,16580608,all_reduce,2,2
2591,0.306,0.363,0.3218833333333333,0.321,0.01348096394509268,0,4,16613376,all_reduce,2,2
2592,0.302,0.362,0.32143333333333335,0.322,0.010763157322809868,0,4,16646144,all_reduce,2,2
2593,0.305,0.361,0.3224333333333334,0.321,0.012742797529933876,0,4,16678912,all_reduce,2,2
2594,0.306,0.362,0.3237,0.323,0.01193077253715506,0,4,16711680,all_reduce,2,2
2595,0.307,0.359,0.3221833333333333,0.322,0.011436041953208966,0,4,16744448,all_reduce,2,2
2596,0.307,0.36,0.3260833333333333,0.325,0.01101558239747475,0,4,16777216,all_reduce,2,2
2597,0.303,0.361,0.3225833333333334,0.32,0.014491712190842812,0,4,16777216,all_reduce,2,2
2598,0.313,0.364,0.3270666666666667,0.326,0.009361030332655102,0,4,16908288,all_reduce,2,2
2599,0.312,0.369,0.32715,0.327,0.011238067746132637,0,4,17039360,all_reduce,2,2
2600,0.31,0.373,0.33293333333333336,0.33,0.012309707100044613,0,4,17170432,all_reduce,2,2
2601,0.315,0.369,0.3326833333333334,0.331,0.01187222482192037,0,4,17301504,all_reduce,2,2
2602,0.317,0.377,0.33506666666666673,0.334,0.012828180783814288,0,4,17432576,all_reduce,2,2
2603,0.319,0.377,0.3350833333333333,0.3345,0.01227231527553877,0,4,17563648,all_reduce,2,2
2604,0.322,0.381,0.34158333333333335,0.34,0.011080450752965279,0,4,17694720,all_reduce,2,2
2605,0.325,0.38,0.3392833333333333,0.339,0.010472331269694546,0,4,17825792,all_reduce,2,2
2606,0.323,0.39,0.34365,0.3425,0.01463651256276576,0,4,17956864,all_reduce,2,2
2607,0.333,0.382,0.3483333333333334,0.34600000000000003,0.008655762370942378,0,4,18087936,all_reduce,2,2
2608,0.33,0.388,0.3485666666666667,0.34750000000000003,0.014217790108014515,0,4,18219008,all_reduce,2,2
2609,0.327,0.387,0.34761666666666663,0.34550000000000003,0.012350562290393448,0,4,18350080,all_reduce,2,2
2610,0.38,0.383,0.3810166666666667,0.381,0.0007186020379103373,0,4,18481152,all_reduce,2,2
2611,0.384,0.394,0.38865,0.389,0.0018332575741922736,0,4,18612224,all_reduce,2,2
2612,0.385,0.396,0.3907833333333333,0.391,0.001871645146804159,0,4,18743296,all_reduce,2,2
2613,0.388,0.4,0.39323333333333343,0.393,0.0022088207009372442,0,4,18874368,all_reduce,2,2
2614,0.39,0.399,0.39571666666666666,0.396,0.00212204042269594,0,4,19005440,all_reduce,2,2
2615,0.39,0.404,0.3968333333333333,0.396,0.0028992336152086073,0,4,19136512,all_reduce,2,2
2616,0.391,0.405,0.39858333333333335,0.3985,0.0030127045804208726,0,4,19267584,all_reduce,2,2
2617,0.392,0.406,0.39841666666666664,0.398,0.0028536039591288012,0,4,19398656,all_reduce,2,2
2618,0.396,0.406,0.4006833333333334,0.4,0.0024117190733766855,0,4,19529728,all_reduce,2,2
2619,0.393,0.406,0.4007166666666666,0.4005,0.0029613716791754186,0,4,19660800,all_reduce,2,2
2620,0.396,0.41000000000000003,0.40243333333333337,0.402,0.002431506163311587,0,4,19791872,all_reduce,2,2
2621,0.399,0.41000000000000003,0.4042666666666667,0.404,0.0022125902367034806,0,4,19922944,all_reduce,2,2
2622,0.398,0.41300000000000003,0.40508333333333335,0.405,0.0030347524153087418,0,4,20054016,all_reduce,2,2
2623,0.399,0.41200000000000003,0.40679999999999994,0.406,0.002441311123146743,0,4,20185088,all_reduce,2,2
2624,0.404,0.41200000000000003,0.4077,0.40750000000000003,0.002027313493271331,0,4,20316160,all_reduce,2,2
2625,0.406,0.41600000000000004,0.40975,0.40900000000000003,0.0024469368606484334,0,4,20447232,all_reduce,2,2
2626,0.405,0.41400000000000003,0.41000000000000003,0.40900000000000003,0.0020493901531919217,0,4,20578304,all_reduce,2,2
2627,0.406,0.41600000000000004,0.41095,0.41100000000000003,0.002362378744683702,0,4,20709376,all_reduce,2,2
2628,0.41000000000000003,0.41600000000000004,0.41221666666666673,0.41200000000000003,0.0015501792011104912,0,4,20840448,all_reduce,2,2
2629,0.40900000000000003,0.419,0.4136,0.41350000000000003,0.00209920619917783,0,4,20971520,all_reduce,2,2
2630,0.41200000000000003,0.42,0.41530000000000006,0.41500000000000004,0.0018999999999999822,0,4,21102592,all_reduce,2,2
2631,0.41200000000000003,0.422,0.4170000000000001,0.417,0.001983263304085783,0,4,21233664,all_reduce,2,2
2632,0.41500000000000004,0.426,0.4182166666666668,0.418,0.0021376908621739865,0,4,21364736,all_reduce,2,2
2633,0.41300000000000003,0.425,0.41845000000000004,0.418,0.002069017480190367,0,4,21495808,all_reduce,2,2
2634,0.417,0.424,0.42029999999999995,0.42,0.0016360521589077383,0,4,21626880,all_reduce,2,2
2635,0.418,0.426,0.4211666666666666,0.421,0.0015828946760778368,0,4,21757952,all_reduce,2,2
2636,0.41600000000000004,0.429,0.4226666666666666,0.423,0.0022852182001336808,0,4,21889024,all_reduce,2,2
2637,0.421,0.429,0.4239666666666667,0.4235,0.0017603661235347874,0,4,22020096,all_reduce,2,2
2638,0.419,0.433,0.42606666666666665,0.426,0.002064515008960271,0,4,22151168,all_reduce,2,2
2639,0.422,0.433,0.42753333333333327,0.428,0.001783878421367955,0,4,22282240,all_reduce,2,2
2640,0.426,0.434,0.4294166666666666,0.429,0.0018100798018012617,0,4,22413312,all_reduce,2,2
2641,0.425,0.434,0.43015,0.43,0.0017590243507884342,0,4,22544384,all_reduce,2,2
2642,0.429,0.437,0.4327666666666667,0.433,0.001918042984108775,0,4,22675456,all_reduce,2,2
2643,0.429,0.438,0.43363333333333326,0.434,0.0017220788470786001,0,4,22806528,all_reduce,2,2
2644,0.432,0.44,0.4353666666666667,0.4355,0.001807084822457308,0,4,22937600,all_reduce,2,2
2645,0.433,0.441,0.4371833333333333,0.437,0.0015967849643024029,0,4,23068672,all_reduce,2,2
2646,0.434,0.443,0.43896666666666667,0.439,0.0016829207415152464,0,4,23199744,all_reduce,2,2
2647,0.437,0.448,0.44116666666666676,0.441,0.002367605447610637,0,4,23330816,all_reduce,2,2
2648,0.44,0.448,0.44315000000000004,0.443,0.001589811309558466,0,4,23461888,all_reduce,2,2
2649,0.442,0.451,0.44523333333333337,0.445,0.00201962592796015,0,4,23592960,all_reduce,2,2
2650,0.444,0.453,0.4476000000000001,0.447,0.0021617893822787966,0,4,23724032,all_reduce,2,2
2651,0.445,0.456,0.44985000000000014,0.45,0.002393219588754866,0,4,23855104,all_reduce,2,2
2652,0.446,0.463,0.4514833333333334,0.451,0.002866424408368186,0,4,23986176,all_reduce,2,2
2653,0.448,0.461,0.453,0.453,0.0024358434541926835,0,4,24117248,all_reduce,2,2
2654,0.451,0.462,0.45559999999999995,0.455,0.002727636339397174,0,4,24248320,all_reduce,2,2
2655,0.452,0.463,0.4571333333333333,0.457,0.0022320892057044297,0,4,24379392,all_reduce,2,2
2656,0.447,0.465,0.45899999999999996,0.459,0.003065941943351181,0,4,24510464,all_reduce,2,2
2657,0.457,0.47000000000000003,0.4615333333333333,0.461,0.0028134597128012286,0,4,24641536,all_reduce,2,2
2658,0.457,0.47300000000000003,0.4643333333333333,0.464,0.003053231439347866,0,4,24772608,all_reduce,2,2
2659,0.459,0.47100000000000003,0.4660666666666667,0.466,0.002448582356294263,0,4,24903680,all_reduce,2,2
2660,0.462,0.47500000000000003,0.46781666666666677,0.467,0.0027718325266068242,0,4,25034752,all_reduce,2,2
2661,0.46,0.47800000000000004,0.4705,0.47000000000000003,0.00308490950704663,0,4,25165824,all_reduce,2,2
2662,0.463,0.482,0.47330000000000005,0.47300000000000003,0.0038699698534570815,0,4,25296896,all_reduce,2,2
2663,0.468,0.482,0.47456666666666675,0.47500000000000003,0.0027286545321010378,0,4,25427968,all_reduce,2,2
2664,0.466,0.483,0.4764,0.47600000000000003,0.002956349099818885,0,4,25559040,all_reduce,2,2
2665,0.47200000000000003,0.491,0.47870000000000007,0.47800000000000004,0.0034751498768638097,0,4,25690112,all_reduce,2,2
2666,0.47700000000000004,0.49,0.4815666666666667,0.481,0.002906123802516934,0,4,25821184,all_reduce,2,2
2667,0.47800000000000004,0.494,0.4830333333333333,0.482,0.003162101973195815,0,4,25952256,all_reduce,2,2
2668,0.48,0.494,0.48578333333333323,0.485,0.00323569501378332,0,4,26083328,all_reduce,2,2
2669,0.47900000000000004,0.497,0.48751666666666654,0.487,0.003708061787810747,0,4,26214400,all_reduce,2,2
2670,0.47900000000000004,0.502,0.4898666666666668,0.489,0.004035123569634792,0,4,26345472,all_reduce,2,2
2671,0.483,0.503,0.49126666666666663,0.491,0.0034682688605252206,0,4,26476544,all_reduce,2,2
2672,0.487,0.503,0.4935666666666666,0.493,0.0036713606318215203,0,4,26607616,all_reduce,2,2
2673,0.491,0.504,0.49645,0.496,0.003528101472463628,0,4,26738688,all_reduce,2,2
2674,0.49,0.507,0.4982666666666667,0.497,0.003789752263964262,0,4,26869760,all_reduce,2,2
2675,0.487,0.508,0.5001,0.5,0.004307744963048149,0,4,27000832,all_reduce,2,2
2676,0.495,0.51,0.5025000000000001,0.502,0.003111805478067893,0,4,27131904,all_reduce,2,2
2677,0.494,0.512,0.5043166666666667,0.504,0.003566004611450876,0,4,27262976,all_reduce,2,2
2678,0.491,0.519,0.5067333333333334,0.506,0.004571165667043319,0,4,27394048,all_reduce,2,2
2679,0.503,0.521,0.5096166666666667,0.5085,0.004179679679380018,0,4,27525120,all_reduce,2,2
2680,0.497,0.521,0.5109333333333334,0.51,0.005006218355427804,0,4,27656192,all_reduce,2,2
2681,0.5,0.522,0.5135166666666666,0.5135000000000001,0.0040599329496379104,0,4,27787264,all_reduce,2,2
2682,0.509,0.528,0.5165666666666666,0.517,0.004220452845634251,0,4,27918336,all_reduce,2,2
2683,0.503,0.528,0.5173333333333333,0.517,0.005159672685570498,0,4,28049408,all_reduce,2,2
2684,0.503,0.531,0.5202,0.5205,0.006155756113860701,0,4,28180480,all_reduce,2,2
2685,0.504,0.533,0.5233833333333334,0.523,0.005528989258645949,0,4,28311552,all_reduce,2,2
2686,0.509,0.536,0.5248166666666667,0.525,0.006399196998235193,0,4,28442624,all_reduce,2,2
2687,0.511,0.538,0.5274833333333333,0.528,0.005640601819743079,0,4,28573696,all_reduce,2,2
2688,0.52,0.548,0.5313333333333333,0.5315000000000001,0.004975495508545416,0,4,28704768,all_reduce,2,2
2689,0.516,0.543,0.5317000000000001,0.531,0.005757024694521762,0,4,28835840,all_reduce,2,2
2690,0.517,0.548,0.5332666666666667,0.534,0.006999682532483573,0,4,28966912,all_reduce,2,2
2691,0.52,0.56,0.5370333333333334,0.5365,0.006762560330394274,0,4,29097984,all_reduce,2,2
2692,0.522,0.56,0.5392333333333335,0.54,0.00623796619277648,0,4,29229056,all_reduce,2,2
2693,0.52,0.549,0.54135,0.542,0.00527201732420017,0,4,29360128,all_reduce,2,2
2694,0.528,0.556,0.5445833333333334,0.5455000000000001,0.006728773208311376,0,4,29491200,all_reduce,2,2
2695,0.528,0.559,0.5465833333333333,0.547,0.006728773208311376,0,4,29622272,all_reduce,2,2
2696,0.528,0.5730000000000001,0.5499666666666667,0.5505,0.007735129101845833,0,4,29753344,all_reduce,2,2
2697,0.529,0.5640000000000001,0.5534833333333335,0.5545,0.0065025422378909336,0,4,29884416,all_reduce,2,2
2698,0.544,0.5640000000000001,0.5552333333333334,0.5565,0.005777446571703536,0,4,30015488,all_reduce,2,2
2699,0.54,0.5680000000000001,0.5560833333333335,0.5555000000000001,0.006208305369064542,0,4,30146560,all_reduce,2,2
2700,0.54,0.5760000000000001,0.5584166666666667,0.559,0.007876741430030294,0,4,30277632,all_reduce,2,2
2701,0.544,0.577,0.5611833333333334,0.562,0.007441979276748599,0,4,30408704,all_reduce,2,2
2702,0.535,0.5750000000000001,0.56305,0.5640000000000001,0.007535305788973227,0,4,30539776,all_reduce,2,2
2703,0.552,0.58,0.5668000000000002,0.5675000000000001,0.006978060857669074,0,4,30670848,all_reduce,2,2
2704,0.554,0.582,0.5684666666666668,0.5685,0.006900402564746151,0,4,30801920,all_reduce,2,2
2705,0.549,0.586,0.5700833333333333,0.5685,0.00723485007139437,0,4,30932992,all_reduce,2,2
2706,0.547,0.592,0.5730666666666667,0.5730000000000001,0.008185081279715857,0,4,31064064,all_reduce,2,2
2707,0.561,0.595,0.5777666666666667,0.5785,0.009032103237280239,0,4,31195136,all_reduce,2,2
2708,0.555,0.592,0.57855,0.5794999999999999,0.008937607808207555,0,4,31326208,all_reduce,2,2
2709,0.5670000000000001,0.595,0.5810666666666666,0.581,0.007391135832122715,0,4,31457280,all_reduce,2,2
2710,0.562,0.608,0.5836666666666666,0.583,0.007756001260672616,0,4,31588352,all_reduce,2,2
2711,0.5740000000000001,0.601,0.5861833333333332,0.586,0.007251417485950968,0,4,31719424,all_reduce,2,2
2712,0.577,0.609,0.5908000000000001,0.5925,0.007143295224661148,0,4,31850496,all_reduce,2,2
2713,0.5760000000000001,0.605,0.5900500000000001,0.59,0.0065407058742412,0,4,31981568,all_reduce,2,2
2714,0.577,0.607,0.5952166666666668,0.597,0.007818976204650389,0,4,32112640,all_reduce,2,2
2715,0.578,0.609,0.5979833333333333,0.599,0.006989257630265342,0,4,32243712,all_reduce,2,2
2716,0.584,0.61,0.5978666666666668,0.599,0.0075751054264757475,0,4,32374784,all_reduce,2,2
2717,0.588,0.616,0.6020833333333332,0.603,0.008718355476936137,0,4,32505856,all_reduce,2,2
2718,0.59,0.617,0.6046833333333332,0.605,0.007488862100182888,0,4,32636928,all_reduce,2,2
2719,0.591,0.62,0.6071666666666666,0.609,0.007659779515248616,0,4,32768000,all_reduce,2,2
2720,0.585,0.636,0.6102666666666667,0.612,0.008715630913607022,0,4,32899072,all_reduce,2,2
2721,0.596,0.624,0.6119833333333332,0.613,0.008050862617688182,0,4,33030144,all_reduce,2,2
2722,0.599,0.627,0.6122833333333333,0.613,0.00857922231647809,0,4,33161216,all_reduce,2,2
2723,0.591,0.63,0.6115333333333334,0.6125,0.010798868253458589,0,4,33292288,all_reduce,2,2
2724,0.599,0.631,0.6177833333333332,0.62,0.008264566265422262,0,4,33423360,all_reduce,2,2
2725,0.603,0.633,0.6205333333333333,0.622,0.008622580175845803,0,4,33554432,all_reduce,2,2
2726,0.605,0.637,0.6225999999999999,0.624,0.009031795687089776,0,4,33685504,all_reduce,2,2
2727,0.606,0.637,0.6249,0.628,0.009424613166243666,0,4,33816576,all_reduce,2,2
2728,0.61,0.644,0.6266333333333333,0.629,0.009777468429449878,0,4,33947648,all_reduce,2,2
2729,0.602,0.643,0.6277166666666667,0.628,0.00974353061722952,0,4,34078720,all_reduce,2,2
2730,0.609,0.649,0.6341000000000001,0.637,0.01028704687134911,0,4,34209792,all_reduce,2,2
2731,0.617,0.652,0.63665,0.64,0.010576428193550673,0,4,34340864,all_reduce,2,2
2732,0.607,0.651,0.6371833333333333,0.641,0.010579054253045925,0,4,34471936,all_reduce,2,2
2733,0.614,0.656,0.6429500000000002,0.647,0.01010680463846018,0,4,34603008,all_reduce,2,2
2734,0.624,0.659,0.6399166666666666,0.641,0.010482193896741708,0,4,34734080,all_reduce,2,2
2735,0.608,0.661,0.6438833333333335,0.6465000000000001,0.011239946124821466,0,4,34865152,all_reduce,2,2
2736,0.628,0.661,0.6440833333333335,0.642,0.01042319795243071,0,4,34996224,all_reduce,2,2
2737,0.631,0.665,0.6472666666666667,0.649,0.011360555541971636,0,4,35127296,all_reduce,2,2
2738,0.631,0.671,0.6523000000000001,0.6565000000000001,0.012008746812219842,0,4,35258368,all_reduce,2,2
2739,0.619,0.671,0.6550166666666667,0.659,0.01278344198128537,0,4,35389440,all_reduce,2,2
2740,0.625,0.672,0.6552000000000001,0.6565000000000001,0.012356914393704184,0,4,35520512,all_reduce,2,2
2741,0.615,0.675,0.6568666666666665,0.661,0.01388100220525242,0,4,35651584,all_reduce,2,2
2742,0.64,0.678,0.6609,0.664,0.012005137789019066,0,4,35782656,all_reduce,2,2
2743,0.639,0.681,0.6633833333333333,0.666,0.012470086429353879,0,4,35913728,all_reduce,2,2
2744,0.635,0.683,0.6633,0.6625000000000001,0.013714104661503317,0,4,36044800,all_reduce,2,2
2745,0.642,0.687,0.6677000000000001,0.673,0.0120115222460214,0,4,36175872,all_reduce,2,2
2746,0.647,0.686,0.6710333333333334,0.6745000000000001,0.012485947656821615,0,4,36306944,all_reduce,2,2
2747,0.652,0.6910000000000001,0.6729333333333335,0.6765000000000001,0.0119706121629412,0,4,36438016,all_reduce,2,2
2748,0.649,0.6920000000000001,0.6731999999999999,0.6775,0.013525038508879261,0,4,36569088,all_reduce,2,2
2749,0.654,0.6960000000000001,0.6774166666666664,0.6815,0.013131757519675569,0,4,36700160,all_reduce,2,2
2750,0.657,0.6990000000000001,0.6802833333333334,0.6825000000000001,0.013015492904825229,0,4,36831232,all_reduce,2,2
2751,0.6910000000000001,0.7000000000000001,0.6950333333333333,0.6950000000000001,0.0017317300277147401,0,4,36962304,all_reduce,2,2
2752,0.6960000000000001,0.704,0.6998500000000002,0.7000000000000001,0.0019045996954740888,0,4,37093376,all_reduce,2,2
2753,0.6980000000000001,0.706,0.7010666666666666,0.7010000000000001,0.0020965580258021557,0,4,37224448,all_reduce,2,2
2754,0.6970000000000001,0.712,0.7055500000000001,0.705,0.002771431639664449,0,4,37355520,all_reduce,2,2
2755,0.6980000000000001,0.709,0.7040333333333333,0.704,0.0022580719405919515,0,4,37486592,all_reduce,2,2
2756,0.7000000000000001,0.714,0.7074833333333334,0.708,0.0029296852314805873,0,4,37617664,all_reduce,2,2
2757,0.7020000000000001,0.715,0.7090666666666668,0.709,0.0030543229837214103,0,4,37748736,all_reduce,2,2
2758,0.7000000000000001,0.716,0.7102666666666668,0.71,0.002937497044915767,0,4,37879808,all_reduce,2,2
2759,0.705,0.717,0.7110833333333332,0.711,0.0026788782893011212,0,4,38010880,all_reduce,2,2
2760,0.709,0.72,0.7149333333333333,0.715,0.002694851057521034,0,4,38141952,all_reduce,2,2
2761,0.711,0.721,0.7152833333333334,0.715,0.002621015494464356,0,4,38273024,all_reduce,2,2
2762,0.707,0.722,0.7158666666666668,0.7155,0.003427665224156074,0,4,38404096,all_reduce,2,2
2763,0.708,0.722,0.7160499999999999,0.716,0.0034030623463776493,0,4,38535168,all_reduce,2,2
2764,0.71,0.725,0.7176333333333332,0.7175,0.003473550856912214,0,4,38666240,all_reduce,2,2
2765,0.71,0.728,0.7190333333333333,0.719,0.0041551841782953,0,4,38797312,all_reduce,2,2
2766,0.711,0.728,0.7191,0.719,0.0035949038002891474,0,4,38928384,all_reduce,2,2
2767,0.714,0.728,0.7224666666666664,0.722,0.003046673960603963,0,4,39059456,all_reduce,2,2
2768,0.717,0.73,0.7238999999999999,0.723,0.003340159676821856,0,4,39190528,all_reduce,2,2
2769,0.718,0.731,0.7250166666666666,0.725,0.0032582800507152407,0,4,39321600,all_reduce,2,2
2770,0.719,0.734,0.727,0.7264999999999999,0.0032300670787668412,0,4,39452672,all_reduce,2,2
2771,0.725,0.736,0.72945,0.729,0.0029912372022292077,0,4,39583744,all_reduce,2,2
2772,0.723,0.736,0.7302999999999998,0.73,0.0029512709126747437,0,4,39714816,all_reduce,2,2
2773,0.722,0.738,0.7312999999999997,0.731,0.003417113791881489,0,4,39845888,all_reduce,2,2
2774,0.723,0.74,0.7326333333333334,0.732,0.0030603195185397833,0,4,39976960,all_reduce,2,2
2775,0.73,0.741,0.7344666666666666,0.734,0.0028546258754675547,0,4,40108032,all_reduce,2,2
2776,0.73,0.741,0.7354499999999999,0.735,0.0028543825952384192,0,4,40239104,all_reduce,2,2
2777,0.73,0.745,0.73715,0.737,0.0034391132578035317,0,4,40370176,all_reduce,2,2
2778,0.73,0.744,0.7370166666666667,0.736,0.00319109002623799,0,4,40501248,all_reduce,2,2
2779,0.735,0.747,0.7406166666666666,0.74,0.002898802434722927,0,4,40632320,all_reduce,2,2
2780,0.737,0.749,0.7423833333333333,0.742,0.0031203187159149154,0,4,40763392,all_reduce,2,2
2781,0.738,0.75,0.7435166666666666,0.743,0.0029068405911267716,0,4,40894464,all_reduce,2,2
2782,0.734,0.755,0.7448166666666667,0.7444999999999999,0.003495195114566412,0,4,41025536,all_reduce,2,2
2783,0.737,0.754,0.7464666666666667,0.7464999999999999,0.003598456459218162,0,4,41156608,all_reduce,2,2
2784,0.741,0.756,0.7479166666666667,0.747,0.0033530665897884547,0,4,41287680,all_reduce,2,2
2785,0.737,0.755,0.7490000000000001,0.748,0.0035590260840104404,0,4,41418752,all_reduce,2,2
2786,0.745,0.759,0.7509166666666668,0.75,0.0035274715527634773,0,4,41549824,all_reduce,2,2
2787,0.743,0.763,0.75315,0.7535000000000001,0.004249803917045276,0,4,41680896,all_reduce,2,2
2788,0.748,0.763,0.75525,0.754,0.003481498719421473,0,4,41811968,all_reduce,2,2
2789,0.751,0.765,0.7566166666666667,0.756,0.0035827906565816694,0,4,41943040,all_reduce,2,2
2790,0.752,0.769,0.7601,0.76,0.003505709628591624,0,4,42074112,all_reduce,2,2
2791,0.756,0.769,0.7615666666666667,0.761,0.0035513690630828904,0,4,42205184,all_reduce,2,2
2792,0.748,0.771,0.7628166666666668,0.763,0.004417735719674608,0,4,42336256,all_reduce,2,2
2793,0.751,0.774,0.7645,0.764,0.004620606020859173,0,4,42467328,all_reduce,2,2
2794,0.753,0.777,0.7675500000000002,0.767,0.0044137097019778465,0,4,42598400,all_reduce,2,2
2795,0.762,0.783,0.7690333333333333,0.768,0.004665356959071363,0,4,42729472,all_reduce,2,2
2796,0.765,0.781,0.7715833333333334,0.7715000000000001,0.00417648842397002,0,4,42860544,all_reduce,2,2
2797,0.765,0.783,0.7731333333333335,0.773,0.004890353316024887,0,4,42991616,all_reduce,2,2
2798,0.763,0.787,0.7764166666666668,0.777,0.005710492292458005,0,4,43122688,all_reduce,2,2
2799,0.768,0.788,0.7778666666666668,0.778,0.004766083880457371,0,4,43253760,all_reduce,2,2
2800,0.771,0.793,0.7802666666666667,0.78,0.005195724738239662,0,4,43384832,all_reduce,2,2
2801,0.768,0.794,0.7827833333333333,0.783,0.0056186939961366715,0,4,43515904,all_reduce,2,2
2802,0.774,0.797,0.7856000000000001,0.786,0.005724799850940938,0,4,43646976,all_reduce,2,2
2803,0.772,0.799,0.7886500000000001,0.79,0.0065848943297013825,0,4,43778048,all_reduce,2,2
2804,0.773,0.804,0.7901666666666665,0.7905,0.006909333461983795,0,4,43909120,all_reduce,2,2
2805,0.78,0.803,0.7932833333333332,0.795,0.006055553007135045,0,4,44040192,all_reduce,2,2
2806,0.774,0.803,0.7927833333333333,0.794,0.006973979415576804,0,4,44171264,all_reduce,2,2
2807,0.785,0.809,0.7965,0.797,0.006173869667126666,0,4,44302336,all_reduce,2,2
2808,0.783,0.811,0.8002666666666667,0.8005,0.00651886152296209,0,4,44433408,all_reduce,2,2
2809,0.787,0.8150000000000001,0.80095,0.8015000000000001,0.006837214345038488,0,4,44564480,all_reduce,2,2
2810,0.79,0.8160000000000001,0.8045833333333334,0.804,0.006072593258970088,0,4,44695552,all_reduce,2,2
2811,0.789,0.8190000000000001,0.8059999999999999,0.806,0.007238784428341549,0,4,44826624,all_reduce,2,2
2812,0.782,0.8210000000000001,0.8084666666666667,0.809,0.00726284303072075,0,4,44957696,all_reduce,2,2
2813,0.794,0.8230000000000001,0.8096166666666667,0.81,0.007450037285514459,0,4,45088768,all_reduce,2,2
2814,0.8,0.8240000000000001,0.8136333333333334,0.8135000000000001,0.006350765483169906,0,4,45219840,all_reduce,2,2
2815,0.8,0.8290000000000001,0.8142999999999999,0.8135000000000001,0.007280796659706965,0,4,45350912,all_reduce,2,2
2816,0.805,0.8320000000000001,0.8160666666666667,0.8160000000000001,0.007220033856491877,0,4,45481984,all_reduce,2,2
2817,0.807,0.8320000000000001,0.8193166666666668,0.8200000000000001,0.007251417485950981,0,4,45613056,all_reduce,2,2
2818,0.811,0.835,0.8206833333333334,0.8210000000000001,0.0067909048652509355,0,4,45744128,all_reduce,2,2
2819,0.811,0.835,0.8227833333333335,0.8220000000000001,0.006678551905582185,0,4,45875200,all_reduce,2,2
2820,0.8130000000000001,0.839,0.828,0.8310000000000001,0.007784600182411393,0,4,46006272,all_reduce,2,2
2821,0.804,0.843,0.8303166666666666,0.833,0.007963440769471967,0,4,46137344,all_reduce,2,2
2822,0.8190000000000001,0.845,0.8319666666666666,0.8325,0.007254806835624339,0,4,46268416,all_reduce,2,2
2823,0.8200000000000001,0.848,0.8334166666666667,0.8334999999999999,0.0076752669153731445,0,4,46399488,all_reduce,2,2
2824,0.8210000000000001,0.848,0.8362166666666666,0.836,0.007711661443698215,0,4,46530560,all_reduce,2,2
2825,0.8230000000000001,0.852,0.8380833333333334,0.839,0.008250841707904005,0,4,46661632,all_reduce,2,2
2826,0.8260000000000001,0.853,0.8409166666666666,0.841,0.008264969583865495,0,4,46792704,all_reduce,2,2
2827,0.8280000000000001,0.856,0.8436666666666665,0.845,0.007866949147470607,0,4,46923776,all_reduce,2,2
2828,0.8290000000000001,0.857,0.8447833333333334,0.847,0.008378726368342358,0,4,47054848,all_reduce,2,2
2829,0.8320000000000001,0.863,0.8482333333333332,0.8494999999999999,0.007817430666288143,0,4,47185920,all_reduce,2,2
2830,0.8240000000000001,0.865,0.8488333333333333,0.8494999999999999,0.009611046884820732,0,4,47316992,all_reduce,2,2
2831,0.834,0.865,0.8514999999999999,0.852,0.00884213398073867,0,4,47448064,all_reduce,2,2
2832,0.8240000000000001,0.868,0.85295,0.854,0.0089636767009972,0,4,47579136,all_reduce,2,2
2833,0.842,0.872,0.8577833333333333,0.8605,0.008348835580819381,0,4,47710208,all_reduce,2,2
2834,0.838,0.872,0.8571333333333334,0.858,0.008963754173831912,0,4,47841280,all_reduce,2,2
2835,0.846,0.876,0.8636,0.866,0.007831985699680515,0,4,47972352,all_reduce,2,2
2836,0.847,0.876,0.8631333333333333,0.865,0.008817533038718314,0,4,48103424,all_reduce,2,2
2837,0.841,0.881,0.8673666666666667,0.8694999999999999,0.009719339255091147,0,4,48234496,all_reduce,2,2
2838,0.841,0.885,0.8675333333333334,0.869,0.010436261569908822,0,4,48365568,all_reduce,2,2
2839,0.797,0.9,0.8589166666666667,0.8634999999999999,0.023603171867827885,0,4,48496640,all_reduce,2,2
2840,0.798,0.912,0.8603000000000001,0.861,0.023251021482937048,0,4,48627712,all_reduce,2,2
2841,0.805,0.897,0.8619666666666667,0.864,0.025246759968140246,0,4,48758784,all_reduce,2,2
2842,0.834,0.907,0.8702500000000001,0.872,0.020786714507107677,0,4,48889856,all_reduce,2,2
2843,0.8220000000000001,0.91,0.8670333333333334,0.872,0.02487767852692227,0,4,49020928,all_reduce,2,2
2844,0.812,0.902,0.8593666666666667,0.8585,0.022787399052010205,0,4,49152000,all_reduce,2,2
2845,0.8320000000000001,0.908,0.8677,0.867,0.023413884769512314,0,4,49283072,all_reduce,2,2
2846,0.8230000000000001,0.916,0.8756333333333332,0.8815,0.02396940179107987,0,4,49414144,all_reduce,2,2
2847,0.8310000000000001,0.912,0.8760666666666667,0.881,0.023256444745967147,0,4,49545216,all_reduce,2,2
2848,0.8140000000000001,0.915,0.8752999999999999,0.872,0.023447316832991092,0,4,49676288,all_reduce,2,2
2849,0.845,0.923,0.8815833333333333,0.8825000000000001,0.022686480310724486,0,4,49807360,all_reduce,2,2
2850,0.8300000000000001,0.927,0.8828666666666668,0.8875,0.024739621842075312,0,4,49938432,all_reduce,2,2
2851,0.85,0.927,0.8866333333333333,0.8915,0.02374304576549149,0,4,50069504,all_reduce,2,2
2852,0.8260000000000001,0.924,0.8786333333333332,0.875,0.02642786828751466,0,4,50200576,all_reduce,2,2
2853,0.843,0.9390000000000001,0.8915000000000002,0.8955,0.02630240800129653,0,4,50331648,all_reduce,2,2
2854,0.8250000000000001,0.928,0.8839166666666667,0.8835,0.02661721978135375,0,4,50462720,all_reduce,2,2
2855,0.8280000000000001,0.931,0.8871333333333333,0.8825000000000001,0.026664249890484888,0,4,50593792,all_reduce,2,2
2856,0.8250000000000001,0.9380000000000001,0.8924,0.8885000000000001,0.024834921649430144,0,4,50724864,all_reduce,2,2
2857,0.843,0.9420000000000001,0.8988166666666666,0.904,0.024148493166701382,0,4,50855936,all_reduce,2,2
2858,0.864,0.9510000000000001,0.9025500000000001,0.903,0.024966928125021732,0,4,50987008,all_reduce,2,2
2859,0.869,0.9470000000000001,0.90335,0.9025000000000001,0.024716273316717222,0,4,51118080,all_reduce,2,2
2860,0.864,0.9460000000000001,0.9078166666666667,0.913,0.0235580783502296,0,4,51249152,all_reduce,2,2
2861,0.852,0.9390000000000001,0.9044166666666666,0.9085000000000001,0.02347146612851918,0,4,51380224,all_reduce,2,2
2862,0.867,0.9520000000000001,0.9134833333333334,0.9235,0.02407660805752248,0,4,51511296,all_reduce,2,2
2863,0.869,0.9510000000000001,0.9135000000000001,0.92,0.0234964536331195,0,4,51642368,all_reduce,2,2
2864,0.877,0.9460000000000001,0.9111666666666667,0.914,0.02320787701526265,0,4,51773440,all_reduce,2,2
2865,0.864,0.9490000000000001,0.9176333333333333,0.924,0.02250849222454101,0,4,51904512,all_reduce,2,2
2866,0.86,0.9550000000000001,0.9161666666666667,0.9225000000000001,0.023918031319952383,0,4,52035584,all_reduce,2,2
2867,0.872,0.962,0.9204666666666667,0.927,0.024948257565520614,0,4,52166656,all_reduce,2,2
2868,0.887,0.964,0.9268333333333335,0.9305000000000001,0.021815259694891467,0,4,52297728,all_reduce,2,2
2869,0.874,0.967,0.9242500000000001,0.9305000000000001,0.02663370358524453,0,4,52428800,all_reduce,2,2
2870,0.868,0.965,0.9316,0.9440000000000001,0.02605199928348432,0,4,52559872,all_reduce,2,2
2871,0.87,0.974,0.9248,0.928,0.026912079072416547,0,4,52690944,all_reduce,2,2
2872,0.861,0.963,0.9272833333333333,0.9335,0.02462119118880231,0,4,52822016,all_reduce,2,2
2873,0.894,0.975,0.9297,0.9245000000000001,0.025058132412452437,0,4,52953088,all_reduce,2,2
2874,0.882,0.981,0.9355666666666667,0.9405000000000001,0.025469829646509647,0,4,53084160,all_reduce,2,2
2875,0.891,0.978,0.9361,0.9445000000000001,0.025330942869673568,0,4,53215232,all_reduce,2,2
2876,0.904,0.98,0.9403166666666665,0.9410000000000001,0.021958666980387374,0,4,53346304,all_reduce,2,2
2877,0.888,0.977,0.9380833333333334,0.9420000000000001,0.024480803136789072,0,4,53477376,all_reduce,2,2
2878,0.884,0.985,0.9443666666666668,0.9535,0.025994208756738257,0,4,53608448,all_reduce,2,2
2879,0.894,0.982,0.9436499999999999,0.9475,0.02412110072115282,0,4,53739520,all_reduce,2,2
2880,0.884,0.985,0.9447333333333334,0.9515,0.026434741450514596,0,4,53870592,all_reduce,2,2
2881,0.909,0.99,0.9511499999999998,0.9595,0.024328875162379898,0,4,54001664,all_reduce,2,2
2882,0.883,0.994,0.9512833333333333,0.9550000000000001,0.02425152343439248,0,4,54132736,all_reduce,2,2
2883,0.915,1.004,0.9623666666666666,0.9684999999999999,0.020477602941316668,0,4,54263808,all_reduce,2,2
2884,0.922,0.993,0.9578166666666666,0.963,0.020659535059843134,0,4,54394880,all_reduce,2,2
2885,0.907,1.0070000000000001,0.9582166666666667,0.966,0.025689227097927404,0,4,54525952,all_reduce,2,2
2886,0.922,1.0070000000000001,0.9621999999999999,0.9695,0.024468891815255255,0,4,54657024,all_reduce,2,2
2887,0.925,1.0170000000000001,0.9708,0.97,0.019387109119205978,0,4,54788096,all_reduce,2,2
2888,0.917,1.006,0.96665,0.9744999999999999,0.024748619490118338,0,4,54919168,all_reduce,2,2
2889,0.907,1.002,0.9557333333333332,0.9540000000000001,0.026216958040338845,0,4,55050240,all_reduce,2,2
2890,0.898,0.985,0.9337166666666669,0.9335,0.02100245356037135,0,4,55181312,all_reduce,2,2
2891,0.902,0.997,0.9362833333333335,0.9315,0.023969488707289696,0,4,55312384,all_reduce,2,2
2892,0.908,1.008,0.9530333333333335,0.9490000000000001,0.024183304617488112,0,4,55443456,all_reduce,2,2
2893,0.936,1.012,0.9681166666666666,0.968,0.019878037853090228,0,4,55574528,all_reduce,2,2
2894,0.935,1.03,0.9659666666666668,0.961,0.02100552837284084,0,4,55705600,all_reduce,2,2
2895,0.934,1.0130000000000001,0.9761666666666666,0.9755,0.021905985990642425,0,4,55836672,all_reduce,2,2
2896,0.924,1.026,0.9803333333333336,0.9804999999999999,0.024414931678972386,0,4,55967744,all_reduce,2,2
2897,0.91,1.027,0.9677500000000002,0.9615,0.022281999461448675,0,4,56098816,all_reduce,2,2
2898,0.936,1.027,0.9805500000000001,0.9775,0.02266011547484552,0,4,56229888,all_reduce,2,2
2899,0.925,1.026,0.9706333333333335,0.9635,0.02523157193323915,0,4,56360960,all_reduce,2,2
2900,0.9390000000000001,1.026,0.9817666666666667,0.979,0.025543013830704384,0,4,56492032,all_reduce,2,2
2901,0.924,1.02,0.9688000000000001,0.964,0.020226055802685137,0,4,56623104,all_reduce,2,2
2902,0.93,1.034,0.9750166666666668,0.973,0.022655751048145715,0,4,56754176,all_reduce,2,2
2903,0.935,1.037,0.9900666666666668,0.9864999999999999,0.026267131975574023,0,4,56885248,all_reduce,2,2
2904,0.9420000000000001,1.034,0.9829166666666664,0.978,0.02075916798803738,0,4,57016320,all_reduce,2,2
2905,0.928,1.031,0.9883666666666665,0.9824999999999999,0.02135881290916912,0,4,57147392,all_reduce,2,2
2906,0.9450000000000001,1.044,0.98715,0.978,0.02277485821397506,0,4,57278464,all_reduce,2,2
2907,0.93,1.069,0.9842166666666666,0.9815,0.02568273847461667,0,4,57409536,all_reduce,2,2
2908,0.9550000000000001,1.044,0.9917333333333332,0.985,0.02240823261412843,0,4,57540608,all_reduce,2,2
2909,0.937,1.053,0.9920833333333334,0.988,0.023999508096810843,0,4,57671680,all_reduce,2,2
2910,0.9590000000000001,1.049,1.0129,1.024,0.025290116646626993,0,4,57802752,all_reduce,2,2
2911,0.972,1.056,1.0158166666666666,1.0235,0.025446343330405827,0,4,57933824,all_reduce,2,2
2912,0.961,1.053,1.0135166666666666,1.0190000000000001,0.025813750642287952,0,4,58064896,all_reduce,2,2
2913,0.9500000000000001,1.054,1.0081833333333334,1.0010000000000001,0.02527086046989475,0,4,58195968,all_reduce,2,2
2914,0.962,1.061,1.0137,1.0110000000000001,0.027841994660344767,0,4,58327040,all_reduce,2,2
2915,0.9580000000000001,1.056,1.0146833333333332,1.0115,0.028175338901639185,0,4,58458112,all_reduce,2,2
2916,0.966,1.066,1.02535,1.0354999999999999,0.028154824926940436,0,4,58589184,all_reduce,2,2
2917,0.976,1.064,1.0310166666666667,1.0394999999999999,0.025893687561943643,0,4,58720256,all_reduce,2,2
2918,0.97,1.07,1.0236833333333333,1.0259999999999998,0.02542799747435009,0,4,58851328,all_reduce,2,2
2919,0.992,1.071,1.0348499999999998,1.0425,0.0232119401745452,0,4,58982400,all_reduce,2,2
2920,0.989,1.073,1.0313666666666665,1.0345,0.02487097817850264,0,4,59113472,all_reduce,2,2
2921,0.982,1.078,1.0366666666666668,1.0459999999999998,0.02619520736487666,0,4,59244544,all_reduce,2,2
2922,0.988,1.095,1.0446666666666669,1.0514999999999999,0.024292431377328644,0,4,59375616,all_reduce,2,2
2923,0.964,1.08,1.0395833333333333,1.046,0.02558078163170328,0,4,59506688,all_reduce,2,2
2924,0.97,1.088,1.04115,1.0495,0.028249970501459505,0,4,59637760,all_reduce,2,2
2925,0.983,1.087,1.0477166666666666,1.0585,0.02791719402486972,0,4,59768832,all_reduce,2,2
2926,0.969,1.097,1.04665,1.0554999999999999,0.02945947781840901,0,4,59899904,all_reduce,2,2
2927,1.012,1.093,1.0444166666666665,1.044,0.024189041366334083,0,4,60030976,all_reduce,2,2
2928,0.993,1.09,1.0513833333333331,1.0585,0.024346178116675485,0,4,60162048,all_reduce,2,2
2929,0.988,1.087,1.0483,1.0554999999999999,0.026609710007188467,0,4,60293120,all_reduce,2,2
2930,0.992,1.093,1.0535666666666668,1.063,0.027516278010580486,0,4,60424192,all_reduce,2,2
2931,0.992,1.095,1.0455333333333334,1.0354999999999999,0.02816763311951424,0,4,60555264,all_reduce,2,2
2932,0.998,1.107,1.05135,1.053,0.02935462768741355,0,4,60686336,all_reduce,2,2
2933,0.991,1.102,1.0566833333333332,1.065,0.026844919858740927,0,4,60817408,all_reduce,2,2
2934,0.994,1.099,1.0567333333333333,1.06,0.027395173946437267,0,4,60948480,all_reduce,2,2
2935,1.024,1.1,1.0647333333333335,1.0705,0.023287955876136687,0,4,61079552,all_reduce,2,2
2936,1.0030000000000001,1.104,1.06415,1.0779999999999998,0.029857341364115695,0,4,61210624,all_reduce,2,2
2937,1.0070000000000001,1.107,1.0718333333333332,1.083,0.026717763545792698,0,4,61341696,all_reduce,2,2
2938,1.0090000000000001,1.115,1.0763666666666667,1.0875,0.02676749687379995,0,4,61472768,all_reduce,2,2
2939,1.02,1.11,1.0808833333333334,1.086,0.023433659314944608,0,4,61603840,all_reduce,2,2
2940,1.032,1.114,1.0773666666666666,1.085,0.024679928867176446,0,4,61734912,all_reduce,2,2
2941,1.026,1.118,1.0733666666666666,1.0745,0.02686011086268179,0,4,61865984,all_reduce,2,2
2942,1.0050000000000001,1.124,1.0724500000000001,1.063,0.029382208335430947,0,4,61997056,all_reduce,2,2
2943,1.014,1.118,1.0842166666666666,1.0915,0.026270447062981057,0,4,62128128,all_reduce,2,2
2944,1.018,1.121,1.0742666666666667,1.076,0.026884857365356372,0,4,62259200,all_reduce,2,2
2945,1.038,1.1400000000000001,1.0938999999999999,1.103,0.02650201250219817,0,4,62390272,all_reduce,2,2
2946,1.0190000000000001,1.1300000000000001,1.0927333333333331,1.102,0.025671557975488944,0,4,62521344,all_reduce,2,2
2947,1.025,1.129,1.07825,1.0675,0.034077179558564825,0,4,62652416,all_reduce,2,2
2948,1.0190000000000001,1.133,1.0925333333333334,1.0985,0.02727175991550397,0,4,62783488,all_reduce,2,2
2949,1.052,1.1360000000000001,1.0950333333333333,1.1030000000000002,0.026499035621865383,0,4,62914560,all_reduce,2,2
2950,1.04,1.1320000000000001,1.0871,1.088,0.029054947943508724,0,4,63045632,all_reduce,2,2
2951,1.025,1.149,1.0846666666666667,1.0739999999999998,0.028832658951651054,0,4,63176704,all_reduce,2,2
2952,1.06,1.1420000000000001,1.1011166666666667,1.1095000000000002,0.025457213559661712,0,4,63307776,all_reduce,2,2
2953,1.059,1.143,1.1037833333333333,1.109,0.02577084377526063,0,4,63438848,all_reduce,2,2
2954,1.049,1.147,1.1119833333333335,1.121,0.02629733298686815,0,4,63569920,all_reduce,2,2
2955,1.06,1.149,1.1051333333333335,1.107,0.027254031302216996,0,4,63700992,all_reduce,2,2
2956,1.051,1.168,1.1061666666666667,1.1115,0.029260420745816754,0,4,63832064,all_reduce,2,2
2957,1.055,1.1480000000000001,1.1050666666666666,1.1105,0.026308342572060498,0,4,63963136,all_reduce,2,2
2958,1.062,1.153,1.1171833333333334,1.125,0.024833775163854765,0,4,64094208,all_reduce,2,2
2959,1.044,1.158,1.1086333333333334,1.119,0.03157212202068291,0,4,64225280,all_reduce,2,2
2960,1.052,1.1520000000000001,1.11025,1.118,0.02723761186301034,0,4,64356352,all_reduce,2,2
2961,1.044,1.153,1.1145166666666666,1.1255000000000002,0.02986999144440605,0,4,64487424,all_reduce,2,2
2962,1.048,1.166,1.1207999999999998,1.125,0.0295142903240673,0,4,64618496,all_reduce,2,2
2963,1.068,1.166,1.1234666666666666,1.1325,0.025498670989332423,0,4,64749568,all_reduce,2,2
2964,1.062,1.166,1.1234333333333335,1.124,0.028149225369251088,0,4,64880640,all_reduce,2,2
2965,1.068,1.166,1.1206,1.1190000000000002,0.029230805667993486,0,4,65011712,all_reduce,2,2
2966,1.071,1.171,1.1347333333333334,1.145,0.026762452968457282,0,4,65142784,all_reduce,2,2
2967,1.081,1.179,1.1286666666666667,1.1345,0.028297624556763695,0,4,65273856,all_reduce,2,2
2968,1.075,1.175,1.1279666666666668,1.1280000000000001,0.027885460169932437,0,4,65404928,all_reduce,2,2
2969,1.086,1.179,1.1377333333333335,1.1455000000000002,0.024776243101451476,0,4,65536000,all_reduce,2,2
2970,1.094,1.187,1.1386833333333333,1.1445,0.02740285366323894,0,4,65667072,all_reduce,2,2
2971,1.078,1.189,1.1413333333333333,1.1465,0.028455618464939773,0,4,65798144,all_reduce,2,2
2972,1.09,1.188,1.1382166666666669,1.1325,0.0267358010083026,0,4,65929216,all_reduce,2,2
2973,1.097,1.18,1.139816666666667,1.1385,0.026469788858663395,0,4,66060288,all_reduce,2,2
2974,1.099,1.209,1.1481999999999999,1.155,0.026095210288480122,0,4,66191360,all_reduce,2,2
2975,1.078,1.183,1.1388999999999998,1.1270000000000002,0.027378641310335298,0,4,66322432,all_reduce,2,2
2976,1.099,1.199,1.1535166666666667,1.163,0.025524819076516252,0,4,66453504,all_reduce,2,2
2977,1.113,1.194,1.1531166666666666,1.1644999999999999,0.023668609075219317,0,4,66584576,all_reduce,2,2
2978,1.102,1.194,1.155966666666667,1.1604999999999999,0.025544710259116674,0,4,66715648,all_reduce,2,2
2979,1.093,1.194,1.1493166666666668,1.1495000000000002,0.027269941734851953,0,4,66846720,all_reduce,2,2
2980,1.09,1.198,1.160466666666667,1.1735,0.028062707559242277,0,4,66977792,all_reduce,2,2
2981,1.082,1.205,1.1611,1.1629999999999998,0.029476940139709192,0,4,67108864,all_reduce,2,2
